Filename,Target,RA,Dec,instrument,OBJECT_hdr,DATE_OBS,MJD_OBS,EXPTIME,SNR_General,SNR_Li,SNR_Ha,SNR_Ca,wavelength_low,wavelength_high,note,error
data/organized_spectra/KELT-1/HI.20170702.25362_2_01_flux.fits.gz,KELT-1,0.3620995,39.3837953,HIRES: High Resolution Echelle Spectrometer,focus (Flux),2017-07-02,57936.293564,459.92959595,124.73480584791876,,,,,,validated_spectrum,
data/organized_spectra/KELT-1/HI.20170702.25362_2_02_flux.fits.gz,KELT-1,0.3620995,39.3837953,HIRES: High Resolution Echelle Spectrometer,focus (Flux),2017-07-02,57936.293564,459.92959595,65.68415085024516,,,,,,validated_spectrum,
data/organized_spectra/KELT-1/HI.20170702.25362_2_03_flux.fits.gz,KELT-1,0.3620995,39.3837953,HIRES: High Resolution Echelle Spectrometer,focus (Flux),2017-07-02,57936.293564,459.92959595,74.87210125853981,,,,,,validated_spectrum,
data/organized_spectra/KELT-1/HI.20170702.25362_2_04_flux.fits.gz,KELT-1,0.3620995,39.3837953,HIRES: High Resolution Echelle Spectrometer,focus (Flux),2017-07-02,57936.293564,459.92959595,66.97049131218076,,,,,,validated_spectrum,
data/organized_spectra/KELT-1/HI.20170702.25362_2_05_flux.fits.gz,KELT-1,0.3620995,39.3837953,HIRES: High Resolution Echelle Spectrometer,focus (Flux),2017-07-02,57936.293564,459.92959595,71.15362436666759,,,,,,validated_spectrum,
data/organized_spectra/KELT-1/HI.20170702.25362_2_06_flux.fits.gz,KELT-1,0.3620995,39.3837953,HIRES: High Resolution Echelle Spectrometer,focus (Flux),2017-07-02,57936.293564,459.92959595,82.88730091623299,,,,,,validated_spectrum,
data/organized_spectra/KELT-1/HI.20170702.25362_2_07_flux.fits.gz,KELT-1,0.3620995,39.3837953,HIRES: High Resolution Echelle Spectrometer,focus (Flux),2017-07-02,57936.293564,459.92959595,80.85685783072913,,,,,,validated_spectrum,
data/organized_spectra/KELT-1/HI.20170702.25362_2_08_flux.fits.gz,KELT-1,0.3620995,39.3837953,HIRES: High Resolution Echelle Spectrometer,focus (Flux),2017-07-02,57936.293564,459.92959595,91.10866855320764,,,,,,validated_spectrum,
data/organized_spectra/KELT-1/HI.20170702.25362_2_09_flux.fits.gz,KELT-1,0.3620995,39.3837953,HIRES: High Resolution Echelle Spectrometer,focus (Flux),2017-07-02,57936.293564,459.92959595,87.66250986025858,,,,,,validated_spectrum,
data/organized_spectra/KELT-1/HI.20170702.25362_2_10_flux.fits.gz,KELT-1,0.3620995,39.3837953,HIRES: High Resolution Echelle Spectrometer,focus (Flux),2017-07-02,57936.293564,459.92959595,97.03396890721449,,,,,,validated_spectrum,
data/organized_spectra/KELT-1/HI.20170702.25362_2_11_flux.fits.gz,KELT-1,0.3620995,39.3837953,HIRES: High Resolution Echelle Spectrometer,focus (Flux),2017-07-02,57936.293564,459.92959595,103.31319883177136,,,,,,validated_spectrum,
data/organized_spectra/KELT-1/HI.20170702.25362_2_12_flux.fits.gz,KELT-1,0.3620995,39.3837953,HIRES: High Resolution Echelle Spectrometer,focus (Flux),2017-07-02,57936.293564,459.92959595,103.46060093921584,,,,,,validated_spectrum,
data/organized_spectra/KELT-1/HI.20170702.25362_2_13_flux.fits.gz,KELT-1,0.3620995,39.3837953,HIRES: High Resolution Echelle Spectrometer,focus (Flux),2017-07-02,57936.293564,459.92959595,104.210157630529,,,,,,validated_spectrum,
data/organized_spectra/KELT-1/HI.20170702.25362_2_14_flux.fits.gz,KELT-1,0.3620995,39.3837953,HIRES: High Resolution Echelle Spectrometer,focus (Flux),2017-07-02,57936.293564,459.92959595,105.55603751279295,,,,,,validated_spectrum,
data/organized_spectra/KELT-1/HI.20170702.25362_2_15_flux.fits.gz,KELT-1,0.3620995,39.3837953,HIRES: High Resolution Echelle Spectrometer,focus (Flux),2017-07-02,57936.293564,459.92959595,100.62883879422264,,,,,,validated_spectrum,
data/organized_spectra/KELT-1/HI.20170702.25362_2_16_flux.fits.gz,KELT-1,0.3620995,39.3837953,HIRES: High Resolution Echelle Spectrometer,focus (Flux),2017-07-02,57936.293564,459.92959595,101.68111831582144,,,,,,validated_spectrum,
data/organized_spectra/KELT-1/HI.20170702.25362_2_17_flux.fits.gz,KELT-1,0.3620995,39.3837953,HIRES: High Resolution Echelle Spectrometer,focus (Flux),2017-07-02,57936.293564,459.92959595,106.150838548166,,,,,,validated_spectrum,
data/organized_spectra/KELT-1/HI.20170702.25362_2_DN.fits.gz,KELT-1,0.3620995,39.3837953,HIRES: High Resolution Echelle Spectrometer,[DN] focus (Flux) [mul] [div],2017-07-02,57936.293564,459.92959595,107.44659066407486,,,,,,validated_spectrum,
data/organized_spectra/KELT-1/HI.20170702.25362_2_Err.fits.gz,KELT-1,0.3620995,39.3837953,HIRES: High Resolution Echelle Spectrometer,focus (Error),2017-07-02,57936.293564,459.92959595,151.88416835409126,,,,,,validated_spectrum,
data/organized_spectra/KELT-1/HI.20170702.25362_2_Flux.fits.gz,KELT-1,0.3620995,39.3837953,HIRES: High Resolution Echelle Spectrometer,focus (Flux),2017-07-02,57936.293564,459.92959595,103.46051550602192,,,,,,validated_spectrum,
data/organized_spectra/KELT-1/HI.20170702.25362_2_Sky.fits.gz,KELT-1,0.3620995,39.3837953,HIRES: High Resolution Echelle Spectrometer,focus (Sky),2017-07-02,57936.293564,459.92959595,74.62092349326895,,,,,,validated_spectrum,
data/organized_spectra/KELT-1/HI.20170702.25362_2_Sum.fits.gz,KELT-1,0.3620995,39.3837953,HIRES: High Resolution Echelle Spectrometer,focus (Summed Flux),2017-07-02,57936.293564,459.92959595,103.80311081047256,,,,,,validated_spectrum,
data/organized_spectra/KELT-1/HI.20170702.25362_2_Var.fits.gz,KELT-1,0.3620995,39.3837953,HIRES: High Resolution Echelle Spectrometer,focus (Variance),2017-07-02,57936.293564,459.92959595,75.38918166404909,,,,,,validated_spectrum,
data/organized_spectra/KELT-1/HI.20170702.25362_2_s2n.fits.gz,KELT-1,0.3620995,39.3837953,HIRES: High Resolution Echelle Spectrometer,[S/N] focus (Flux) [div] [min],2017-07-02,57936.293564,459.92959595,158.41320798348647,,,,,,validated_spectrum,
data/organized_spectra/KELT-1/HI.20170702.25362_3_01_flux.fits.gz,KELT-1,0.3620995,39.3837953,HIRES: High Resolution Echelle Spectrometer,focus (Flux),2017-07-02,57936.293564,459.92959595,109.25972085332523,,75.08254836924307,,,,validated_spectrum,
data/organized_spectra/KELT-1/HI.20170702.25362_3_02_flux.fits.gz,KELT-1,0.3620995,39.3837953,HIRES: High Resolution Echelle Spectrometer,focus (Flux),2017-07-02,57936.293564,459.92959595,107.0044089751247,107.87843336790228,,,,,validated_spectrum,
data/organized_spectra/KELT-1/HI.20170702.25362_3_03_flux.fits.gz,KELT-1,0.3620995,39.3837953,HIRES: High Resolution Echelle Spectrometer,focus (Flux),2017-07-02,57936.293564,459.92959595,96.45167842466329,,,,,,validated_spectrum,
data/organized_spectra/KELT-1/HI.20170702.25362_3_04_flux.fits.gz,KELT-1,0.3620995,39.3837953,HIRES: High Resolution Echelle Spectrometer,focus (Flux),2017-07-02,57936.293564,459.92959595,96.91267026954765,,,,,,validated_spectrum,
data/organized_spectra/KELT-1/HI.20170702.25362_3_05_flux.fits.gz,KELT-1,0.3620995,39.3837953,HIRES: High Resolution Echelle Spectrometer,focus (Flux),2017-07-02,57936.293564,459.92959595,98.14271392502482,,,,,,validated_spectrum,
data/organized_spectra/KELT-1/HI.20170702.25362_3_06_flux.fits.gz,KELT-1,0.3620995,39.3837953,HIRES: High Resolution Echelle Spectrometer,focus (Flux),2017-07-02,57936.293564,459.92959595,78.51121513754262,,,,,,validated_spectrum,
data/organized_spectra/KELT-1/HI.20170702.25362_3_07_flux.fits.gz,KELT-1,0.3620995,39.3837953,HIRES: High Resolution Echelle Spectrometer,focus (Flux),2017-07-02,57936.293564,459.92959595,99.5107674232868,,,,,,validated_spectrum,
data/organized_spectra/KELT-1/HI.20170702.25362_3_08_flux.fits.gz,KELT-1,0.3620995,39.3837953,HIRES: High Resolution Echelle Spectrometer,focus (Flux),2017-07-02,57936.293564,459.92959595,71.15644999465052,,,,,,validated_spectrum,
data/organized_spectra/KELT-1/HI.20170702.25362_3_09_flux.fits.gz,KELT-1,0.3620995,39.3837953,HIRES: High Resolution Echelle Spectrometer,focus (Flux),2017-07-02,57936.293564,459.92959595,96.90002282695218,,,,,,validated_spectrum,
data/organized_spectra/KELT-1/HI.20170702.25362_3_10_flux.fits.gz,KELT-1,0.3620995,39.3837953,HIRES: High Resolution Echelle Spectrometer,focus (Flux),2017-07-02,57936.293564,459.92959595,128.79737293243977,,,,,,validated_spectrum,
data/organized_spectra/KELT-1/HI.20170702.25362_3_DN.fits.gz,KELT-1,0.3620995,39.3837953,HIRES: High Resolution Echelle Spectrometer,[DN] focus (Flux) [mul] [div],2017-07-02,57936.293564,459.92959595,110.35563423118587,,,,,,validated_spectrum,
data/organized_spectra/KELT-1/HI.20170702.25362_3_Err.fits.gz,KELT-1,0.3620995,39.3837953,HIRES: High Resolution Echelle Spectrometer,focus (Error),2017-07-02,57936.293564,459.92959595,105.94068122000246,,,,,,validated_spectrum,
data/organized_spectra/KELT-1/HI.20170702.25362_3_Flux.fits.gz,KELT-1,0.3620995,39.3837953,HIRES: High Resolution Echelle Spectrometer,focus (Flux),2017-07-02,57936.293564,459.92959595,107.00448130723152,,,,,,validated_spectrum,
data/organized_spectra/KELT-1/HI.20170702.25362_3_Sky.fits.gz,KELT-1,0.3620995,39.3837953,HIRES: High Resolution Echelle Spectrometer,focus (Sky),2017-07-02,57936.293564,459.92959595,120.30347253888227,,,,,,validated_spectrum,
data/organized_spectra/KELT-1/HI.20170702.25362_3_Sum.fits.gz,KELT-1,0.3620995,39.3837953,HIRES: High Resolution Echelle Spectrometer,focus (Summed Flux),2017-07-02,57936.293564,459.92959595,108.1686819782917,,,,,,validated_spectrum,
data/organized_spectra/KELT-1/HI.20170702.25362_3_Var.fits.gz,KELT-1,0.3620995,39.3837953,HIRES: High Resolution Echelle Spectrometer,focus (Variance),2017-07-02,57936.293564,459.92959595,52.558334834262325,,,,,,validated_spectrum,
data/organized_spectra/KELT-1/HI.20170702.25362_3_s2n.fits.gz,KELT-1,0.3620995,39.3837953,HIRES: High Resolution Echelle Spectrometer,[S/N] focus (Flux) [div] [min],2017-07-02,57936.293564,459.92959595,114.7201796272898,,,,,,validated_spectrum,
data/organized_spectra/KELT-1/HI.20170702.51878_2_01_flux.fits,KELT-1,0.3620995,39.3837953,HIRES: High Resolution Echelle Spectrometer,focus (Flux),2017-07-02,57936.600467,497.7791748,83.51207481009715,,,,,,validated_spectrum,
data/organized_spectra/KELT-1/HI.20170702.51878_2_01_flux.fits.gz,KELT-1,0.3620995,39.3837953,HIRES: High Resolution Echelle Spectrometer,focus (Flux),2017-07-02,57936.600467,497.7791748,83.51207481009715,,,,,,validated_spectrum,
data/organized_spectra/KELT-1/HI.20170702.51878_2_02_flux.fits.gz,KELT-1,0.3620995,39.3837953,HIRES: High Resolution Echelle Spectrometer,focus (Flux),2017-07-02,57936.600467,497.7791748,49.287418335863805,,,,,,validated_spectrum,
data/organized_spectra/KELT-1/HI.20170702.51878_2_03_flux.fits.gz,KELT-1,0.3620995,39.3837953,HIRES: High Resolution Echelle Spectrometer,focus (Flux),2017-07-02,57936.600467,497.7791748,55.188972702602754,,,,,,validated_spectrum,
data/organized_spectra/KELT-1/HI.20170702.51878_2_04_flux.fits.gz,KELT-1,0.3620995,39.3837953,HIRES: High Resolution Echelle Spectrometer,focus (Flux),2017-07-02,57936.600467,497.7791748,51.001810599120326,,,,,,validated_spectrum,
data/organized_spectra/KELT-1/HI.20170702.51878_2_05_flux.fits.gz,KELT-1,0.3620995,39.3837953,HIRES: High Resolution Echelle Spectrometer,focus (Flux),2017-07-02,57936.600467,497.7791748,53.83225726465643,,,,,,validated_spectrum,
data/organized_spectra/KELT-1/HI.20170702.51878_2_06_flux.fits.gz,KELT-1,0.3620995,39.3837953,HIRES: High Resolution Echelle Spectrometer,focus (Flux),2017-07-02,57936.600467,497.7791748,59.28277543045774,,,,,,validated_spectrum,
data/organized_spectra/KELT-1/HI.20170702.51878_2_07_flux.fits.gz,KELT-1,0.3620995,39.3837953,HIRES: High Resolution Echelle Spectrometer,focus (Flux),2017-07-02,57936.600467,497.7791748,59.65692628895662,,,,,,validated_spectrum,
data/organized_spectra/KELT-1/HI.20170702.51878_2_08_flux.fits.gz,KELT-1,0.3620995,39.3837953,HIRES: High Resolution Echelle Spectrometer,focus (Flux),2017-07-02,57936.600467,497.7791748,66.99739373016286,,,,,,validated_spectrum,
data/organized_spectra/KELT-1/HI.20170702.51878_2_09_flux.fits.gz,KELT-1,0.3620995,39.3837953,HIRES: High Resolution Echelle Spectrometer,focus (Flux),2017-07-02,57936.600467,497.7791748,65.95819029146398,,,,,,validated_spectrum,
data/organized_spectra/KELT-1/HI.20170702.51878_2_10_flux.fits.gz,KELT-1,0.3620995,39.3837953,HIRES: High Resolution Echelle Spectrometer,focus (Flux),2017-07-02,57936.600467,497.7791748,68.48090623377024,,,,,,validated_spectrum,
data/organized_spectra/KELT-1/HI.20170702.51878_2_11_flux.fits.gz,KELT-1,0.3620995,39.3837953,HIRES: High Resolution Echelle Spectrometer,focus (Flux),2017-07-02,57936.600467,497.7791748,72.83862408479135,,,,,,validated_spectrum,
data/organized_spectra/KELT-1/HI.20170702.51878_2_12_flux.fits.gz,KELT-1,0.3620995,39.3837953,HIRES: High Resolution Echelle Spectrometer,focus (Flux),2017-07-02,57936.600467,497.7791748,72.65791920793255,,,,,,validated_spectrum,
data/organized_spectra/KELT-1/HI.20170702.51878_2_13_flux.fits.gz,KELT-1,0.3620995,39.3837953,HIRES: High Resolution Echelle Spectrometer,focus (Flux),2017-07-02,57936.600467,497.7791748,70.6023928629988,,,,,,validated_spectrum,
data/organized_spectra/KELT-1/HI.20170702.51878_2_14_flux.fits.gz,KELT-1,0.3620995,39.3837953,HIRES: High Resolution Echelle Spectrometer,focus (Flux),2017-07-02,57936.600467,497.7791748,74.96934190102566,,,,,,validated_spectrum,
data/organized_spectra/KELT-1/HI.20170702.51878_2_15_flux.fits.gz,KELT-1,0.3620995,39.3837953,HIRES: High Resolution Echelle Spectrometer,focus (Flux),2017-07-02,57936.600467,497.7791748,71.11080015700446,,,,,,validated_spectrum,
data/organized_spectra/KELT-1/HI.20170702.51878_2_16_flux.fits.gz,KELT-1,0.3620995,39.3837953,HIRES: High Resolution Echelle Spectrometer,focus (Flux),2017-07-02,57936.600467,497.7791748,70.33815298276372,,,,,,validated_spectrum,
data/organized_spectra/KELT-1/HI.20170702.51878_2_17_flux.fits.gz,KELT-1,0.3620995,39.3837953,HIRES: High Resolution Echelle Spectrometer,focus (Flux),2017-07-02,57936.600467,497.7791748,72.79004005520038,,,,,,validated_spectrum,
data/organized_spectra/KELT-1/HI.20170702.51878_2_DN.fits.gz,KELT-1,0.3620995,39.3837953,HIRES: High Resolution Echelle Spectrometer,[DN] focus (Flux) [mul] [div],2017-07-02,57936.600467,497.7791748,73.8027876370238,,,,,,validated_spectrum,
data/organized_spectra/KELT-1/HI.20170702.51878_2_Err.fits.gz,KELT-1,0.3620995,39.3837953,HIRES: High Resolution Echelle Spectrometer,focus (Error),2017-07-02,57936.600467,497.7791748,109.80081642865365,,,,,,validated_spectrum,
data/organized_spectra/KELT-1/HI.20170702.51878_2_Flux.fits.gz,KELT-1,0.3620995,39.3837953,HIRES: High Resolution Echelle Spectrometer,focus (Flux),2017-07-02,57936.600467,497.7791748,72.6580743626918,,,,,,validated_spectrum,
data/organized_spectra/KELT-1/HI.20170702.51878_2_Sum.fits.gz,KELT-1,0.3620995,39.3837953,HIRES: High Resolution Echelle Spectrometer,focus (Summed Flux),2017-07-02,57936.600467,497.7791748,72.81538731875605,,,,,,validated_spectrum,
data/organized_spectra/KELT-1/HI.20170702.51878_2_Var.fits.gz,KELT-1,0.3620995,39.3837953,HIRES: High Resolution Echelle Spectrometer,focus (Variance),2017-07-02,57936.600467,497.7791748,54.60073832950256,,,,,,validated_spectrum,
data/organized_spectra/KELT-1/HI.20170702.51878_2_s2n.fits.gz,KELT-1,0.3620995,39.3837953,HIRES: High Resolution Echelle Spectrometer,[S/N] focus (Flux) [div] [min],2017-07-02,57936.600467,497.7791748,118.62559607724896,,,,,,validated_spectrum,
data/organized_spectra/KELT-1/HI.20170702.51878_3_01_flux.fits.gz,KELT-1,0.3620995,39.3837953,HIRES: High Resolution Echelle Spectrometer,focus (Flux),2017-07-02,57936.600467,497.7791748,73.42768887124421,,52.09679938766925,,,,validated_spectrum,
data/organized_spectra/KELT-1/HI.20170702.51878_3_02_flux.fits.gz,KELT-1,0.3620995,39.3837953,HIRES: High Resolution Echelle Spectrometer,focus (Flux),2017-07-02,57936.600467,497.7791748,77.1504313369895,84.16438660826043,,,,,validated_spectrum,
data/organized_spectra/KELT-1/HI.20170702.51878_3_03_flux.fits.gz,KELT-1,0.3620995,39.3837953,HIRES: High Resolution Echelle Spectrometer,focus (Flux),2017-07-02,57936.600467,497.7791748,67.5837694764523,,,,,,validated_spectrum,
data/organized_spectra/KELT-1/HI.20170702.51878_3_04_flux.fits.gz,KELT-1,0.3620995,39.3837953,HIRES: High Resolution Echelle Spectrometer,focus (Flux),2017-07-02,57936.600467,497.7791748,71.52070411780558,,,,,,validated_spectrum,
data/organized_spectra/KELT-1/HI.20170702.51878_3_05_flux.fits.gz,KELT-1,0.3620995,39.3837953,HIRES: High Resolution Echelle Spectrometer,focus (Flux),2017-07-02,57936.600467,497.7791748,74.10059869395563,,,,,,validated_spectrum,
data/organized_spectra/KELT-1/HI.20170702.51878_3_06_flux.fits.gz,KELT-1,0.3620995,39.3837953,HIRES: High Resolution Echelle Spectrometer,focus (Flux),2017-07-02,57936.600467,497.7791748,61.53098615499055,,,,,,validated_spectrum,
data/organized_spectra/KELT-1/HI.20170702.51878_3_07_flux.fits.gz,KELT-1,0.3620995,39.3837953,HIRES: High Resolution Echelle Spectrometer,focus (Flux),2017-07-02,57936.600467,497.7791748,73.16582289622876,,,,,,validated_spectrum,
data/organized_spectra/KELT-1/HI.20170702.51878_3_08_flux.fits.gz,KELT-1,0.3620995,39.3837953,HIRES: High Resolution Echelle Spectrometer,focus (Flux),2017-07-02,57936.600467,497.7791748,58.19012252414664,,,,,,validated_spectrum,
data/organized_spectra/KELT-1/HI.20170702.51878_3_09_flux.fits.gz,KELT-1,0.3620995,39.3837953,HIRES: High Resolution Echelle Spectrometer,focus (Flux),2017-07-02,57936.600467,497.7791748,72.87233161186093,,,,,,validated_spectrum,
data/organized_spectra/KELT-1/HI.20170702.51878_3_10_flux.fits.gz,KELT-1,0.3620995,39.3837953,HIRES: High Resolution Echelle Spectrometer,focus (Flux),2017-07-02,57936.600467,497.7791748,96.0369835703778,,,,,,validated_spectrum,
data/organized_spectra/KELT-1/HI.20170702.51878_3_DN.fits.gz,KELT-1,0.3620995,39.3837953,HIRES: High Resolution Echelle Spectrometer,[DN] focus (Flux) [mul] [div],2017-07-02,57936.600467,497.7791748,74.70551482544245,,,,,,validated_spectrum,
data/organized_spectra/KELT-1/HI.20170702.51878_3_Err.fits.gz,KELT-1,0.3620995,39.3837953,HIRES: High Resolution Echelle Spectrometer,focus (Error),2017-07-02,57936.600467,497.7791748,100.17268312216603,,,,,,validated_spectrum,
data/organized_spectra/KELT-1/HI.20170702.51878_3_Flux.fits.gz,KELT-1,0.3620995,39.3837953,HIRES: High Resolution Echelle Spectrometer,focus (Flux),2017-07-02,57936.600467,497.7791748,74.10050985091597,,,,,,validated_spectrum,
data/organized_spectra/KELT-1/HI.20170702.51878_3_Sky.fits.gz,KELT-1,0.3620995,39.3837953,HIRES: High Resolution Echelle Spectrometer,focus (Sky),2017-07-02,57936.600467,497.7791748,41.83937102305386,,,,,,validated_spectrum,
data/organized_spectra/KELT-1/HI.20170702.51878_3_Sum.fits.gz,KELT-1,0.3620995,39.3837953,HIRES: High Resolution Echelle Spectrometer,focus (Summed Flux),2017-07-02,57936.600467,497.7791748,74.21093995481283,,,,,,validated_spectrum,
data/organized_spectra/KELT-1/HI.20170702.51878_3_Var.fits.gz,KELT-1,0.3620995,39.3837953,HIRES: High Resolution Echelle Spectrometer,focus (Variance),2017-07-02,57936.600467,497.7791748,49.59335736647377,,,,,,validated_spectrum,
data/organized_spectra/KELT-1/HI.20170702.51878_3_s2n.fits.gz,KELT-1,0.3620995,39.3837953,HIRES: High Resolution Echelle Spectrometer,[S/N] focus (Flux) [div] [min],2017-07-02,57936.600467,497.7791748,108.07644537703766,,,,,,validated_spectrum,
data/organized_spectra/KELT-1/HI.20200817.27025_1_06_flux.fits.gz,KELT-1,0.3620995,39.3837953,HIRES,object (Flux),2020-08-17,59078.312802,516.40081787,12.561002120165604,,,,,,validated_spectrum,
data/organized_spectra/KELT-1/HI.20200817.27025_1_07_flux.fits.gz,KELT-1,0.3620995,39.3837953,HIRES,object (Flux),2020-08-17,59078.312802,516.40081787,13.75879379807894,,,,,,validated_spectrum,
data/organized_spectra/KELT-1/HI.20200817.27025_1_08_flux.fits.gz,KELT-1,0.3620995,39.3837953,HIRES,object (Flux),2020-08-17,59078.312802,516.40081787,14.216417875490288,,,,,,validated_spectrum,
data/organized_spectra/KELT-1/HI.20200817.27025_1_09_flux.fits.gz,KELT-1,0.3620995,39.3837953,HIRES,object (Flux),2020-08-17,59078.312802,516.40081787,17.15384045772837,,,,,,validated_spectrum,
data/organized_spectra/KELT-1/HI.20200817.27025_1_10_flux.fits.gz,KELT-1,0.3620995,39.3837953,HIRES,object (Flux),2020-08-17,59078.312802,516.40081787,17.59049191591234,,,,,,validated_spectrum,
data/organized_spectra/KELT-1/HI.20200817.27025_1_11_flux.fits.gz,KELT-1,0.3620995,39.3837953,HIRES,object (Flux),2020-08-17,59078.312802,516.40081787,19.993613181917272,,,,,,validated_spectrum,
data/organized_spectra/KELT-1/HI.20200817.27025_1_12_flux.fits.gz,KELT-1,0.3620995,39.3837953,HIRES,object (Flux),2020-08-17,59078.312802,516.40081787,20.36037540783888,,,18.854753343338245,,,validated_spectrum,
data/organized_spectra/KELT-1/HI.20200817.27025_1_13_flux.fits.gz,KELT-1,0.3620995,39.3837953,HIRES,object (Flux),2020-08-17,59078.312802,516.40081787,20.812754754714813,,,18.155826480046496,,,validated_spectrum,
data/organized_spectra/KELT-1/HI.20200817.27025_1_14_flux.fits.gz,KELT-1,0.3620995,39.3837953,HIRES,object (Flux),2020-08-17,59078.312802,516.40081787,24.843297815694203,,,8.022167586126141,,,validated_spectrum,
data/organized_spectra/KELT-1/HI.20200817.27025_1_15_flux.fits.gz,KELT-1,0.3620995,39.3837953,HIRES,object (Flux),2020-08-17,59078.312802,516.40081787,26.443067419880887,,,,,,validated_spectrum,
data/organized_spectra/KELT-1/HI.20200817.27025_1_16_flux.fits.gz,KELT-1,0.3620995,39.3837953,HIRES,object (Flux),2020-08-17,59078.312802,516.40081787,29.87539127145048,,,,,,validated_spectrum,
data/organized_spectra/KELT-1/HI.20200817.27025_1_17_flux.fits.gz,KELT-1,0.3620995,39.3837953,HIRES,object (Flux),2020-08-17,59078.312802,516.40081787,31.308765147592432,,,,,,validated_spectrum,
data/organized_spectra/KELT-1/HI.20200817.27025_1_18_flux.fits.gz,KELT-1,0.3620995,39.3837953,HIRES,object (Flux),2020-08-17,59078.312802,516.40081787,31.694014342418956,,,,,,validated_spectrum,
data/organized_spectra/KELT-1/HI.20200817.27025_1_19_flux.fits.gz,KELT-1,0.3620995,39.3837953,HIRES,object (Flux),2020-08-17,59078.312802,516.40081787,32.03831761615872,,,,,,validated_spectrum,
data/organized_spectra/KELT-1/HI.20200817.27025_1_20_flux.fits.gz,KELT-1,0.3620995,39.3837953,HIRES,object (Flux),2020-08-17,59078.312802,516.40081787,29.576134723340942,,,,,,validated_spectrum,
data/organized_spectra/KELT-1/HI.20200817.27025_1_21_flux.fits.gz,KELT-1,0.3620995,39.3837953,HIRES,object (Flux),2020-08-17,59078.312802,516.40081787,36.452031321845645,,,,,,validated_spectrum,
data/organized_spectra/KELT-1/HI.20200817.27025_1_22_flux.fits.gz,KELT-1,0.3620995,39.3837953,HIRES,object (Flux),2020-08-17,59078.312802,516.40081787,33.70705338877436,,,,,,validated_spectrum,
data/organized_spectra/KELT-1/HI.20200817.27025_1_23_flux.fits.gz,KELT-1,0.3620995,39.3837953,HIRES,object (Flux),2020-08-17,59078.312802,516.40081787,33.016096666354706,,,,,,validated_spectrum,
data/organized_spectra/KELT-1/HI.20200817.27025_1_24_flux.fits.gz,KELT-1,0.3620995,39.3837953,HIRES,object (Flux),2020-08-17,59078.312802,516.40081787,35.5306005301792,,,,,,validated_spectrum,
data/organized_spectra/KELT-1/HI.20200817.27025_1_25_flux.fits.gz,KELT-1,0.3620995,39.3837953,HIRES,object (Flux),2020-08-17,59078.312802,516.40081787,34.13304567549488,,,,,,validated_spectrum,
data/organized_spectra/KELT-1/HI.20200817.27025_1_26_flux.fits.gz,KELT-1,0.3620995,39.3837953,HIRES,object (Flux),2020-08-17,59078.312802,516.40081787,34.56265093932031,,,,,,validated_spectrum,
data/organized_spectra/KELT-1/HI.20200817.27025_1_27_flux.fits.gz,KELT-1,0.3620995,39.3837953,HIRES,object (Flux),2020-08-17,59078.312802,516.40081787,39.74120503647433,,,,,,validated_spectrum,
data/organized_spectra/KELT-1/HI.20200817.27025_1_28_flux.fits.gz,KELT-1,0.3620995,39.3837953,HIRES,object (Flux),2020-08-17,59078.312802,516.40081787,70.363368915787,,,,,,validated_spectrum,
data/organized_spectra/KELT-1/ccd1__HI.20200817.27025_1_06_flux.fits.gz,KELT-1,0.3620995,39.3837953,HIRES,object (Flux),2020-08-17,59078.312802,516.40081787,12.561002120165604,,,,,,validated_spectrum,
data/organized_spectra/KELT-1/ccd1__HI.20200817.27025_1_07_flux.fits.gz,KELT-1,0.3620995,39.3837953,HIRES,object (Flux),2020-08-17,59078.312802,516.40081787,13.75879379807894,,,,,,validated_spectrum,
data/organized_spectra/KELT-1/ccd1__HI.20200817.27025_1_08_flux.fits.gz,KELT-1,0.3620995,39.3837953,HIRES,object (Flux),2020-08-17,59078.312802,516.40081787,14.216417875490288,,,,,,validated_spectrum,
data/organized_spectra/KELT-1/ccd1__HI.20200817.27025_1_09_flux.fits.gz,KELT-1,0.3620995,39.3837953,HIRES,object (Flux),2020-08-17,59078.312802,516.40081787,17.15384045772837,,,,,,validated_spectrum,
data/organized_spectra/KELT-1/ccd1__HI.20200817.27025_1_10_flux.fits.gz,KELT-1,0.3620995,39.3837953,HIRES,object (Flux),2020-08-17,59078.312802,516.40081787,17.59049191591234,,,,,,validated_spectrum,
data/organized_spectra/KELT-1/ccd1__HI.20200817.27025_1_11_flux.fits.gz,KELT-1,0.3620995,39.3837953,HIRES,object (Flux),2020-08-17,59078.312802,516.40081787,19.993613181917272,,,,,,validated_spectrum,
data/organized_spectra/KELT-1/ccd1__HI.20200817.27025_1_12_flux.fits.gz,KELT-1,0.3620995,39.3837953,HIRES,object (Flux),2020-08-17,59078.312802,516.40081787,20.36037540783888,,,18.854753343338245,,,validated_spectrum,
data/organized_spectra/KELT-1/ccd1__HI.20200817.27025_1_13_flux.fits.gz,KELT-1,0.3620995,39.3837953,HIRES,object (Flux),2020-08-17,59078.312802,516.40081787,20.812754754714813,,,18.155826480046496,,,validated_spectrum,
data/organized_spectra/KELT-1/ccd1__HI.20200817.27025_1_14_flux.fits.gz,KELT-1,0.3620995,39.3837953,HIRES,object (Flux),2020-08-17,59078.312802,516.40081787,24.843297815694203,,,8.022167586126141,,,validated_spectrum,
data/organized_spectra/KELT-1/ccd1__HI.20200817.27025_1_15_flux.fits.gz,KELT-1,0.3620995,39.3837953,HIRES,object (Flux),2020-08-17,59078.312802,516.40081787,26.443067419880887,,,,,,validated_spectrum,
data/organized_spectra/KELT-1/ccd1__HI.20200817.27025_1_16_flux.fits.gz,KELT-1,0.3620995,39.3837953,HIRES,object (Flux),2020-08-17,59078.312802,516.40081787,29.87539127145048,,,,,,validated_spectrum,
data/organized_spectra/KELT-1/ccd1__HI.20200817.27025_1_17_flux.fits.gz,KELT-1,0.3620995,39.3837953,HIRES,object (Flux),2020-08-17,59078.312802,516.40081787,31.308765147592432,,,,,,validated_spectrum,
data/organized_spectra/KELT-1/ccd1__HI.20200817.27025_1_18_flux.fits.gz,KELT-1,0.3620995,39.3837953,HIRES,object (Flux),2020-08-17,59078.312802,516.40081787,31.694014342418956,,,,,,validated_spectrum,
data/organized_spectra/KELT-1/ccd1__HI.20200817.27025_1_19_flux.fits.gz,KELT-1,0.3620995,39.3837953,HIRES,object (Flux),2020-08-17,59078.312802,516.40081787,32.03831761615872,,,,,,validated_spectrum,
data/organized_spectra/KELT-1/ccd1__HI.20200817.27025_1_20_flux.fits.gz,KELT-1,0.3620995,39.3837953,HIRES,object (Flux),2020-08-17,59078.312802,516.40081787,29.576134723340942,,,,,,validated_spectrum,
data/organized_spectra/KELT-1/ccd1__HI.20200817.27025_1_21_flux.fits.gz,KELT-1,0.3620995,39.3837953,HIRES,object (Flux),2020-08-17,59078.312802,516.40081787,36.452031321845645,,,,,,validated_spectrum,
data/organized_spectra/KELT-1/ccd1__HI.20200817.27025_1_22_flux.fits.gz,KELT-1,0.3620995,39.3837953,HIRES,object (Flux),2020-08-17,59078.312802,516.40081787,33.70705338877436,,,,,,validated_spectrum,
data/organized_spectra/KELT-1/ccd1__HI.20200817.27025_1_23_flux.fits.gz,KELT-1,0.3620995,39.3837953,HIRES,object (Flux),2020-08-17,59078.312802,516.40081787,33.016096666354706,,,,,,validated_spectrum,
data/organized_spectra/KELT-1/ccd1__HI.20200817.27025_1_24_flux.fits.gz,KELT-1,0.3620995,39.3837953,HIRES,object (Flux),2020-08-17,59078.312802,516.40081787,35.5306005301792,,,,,,validated_spectrum,
data/organized_spectra/KELT-1/ccd1__HI.20200817.27025_1_25_flux.fits.gz,KELT-1,0.3620995,39.3837953,HIRES,object (Flux),2020-08-17,59078.312802,516.40081787,34.13304567549488,,,,,,validated_spectrum,
data/organized_spectra/KELT-1/ccd1__HI.20200817.27025_1_26_flux.fits.gz,KELT-1,0.3620995,39.3837953,HIRES,object (Flux),2020-08-17,59078.312802,516.40081787,34.56265093932031,,,,,,validated_spectrum,
data/organized_spectra/KELT-1/ccd1__HI.20200817.27025_1_27_flux.fits.gz,KELT-1,0.3620995,39.3837953,HIRES,object (Flux),2020-08-17,59078.312802,516.40081787,39.74120503647433,,,,,,validated_spectrum,
data/organized_spectra/KELT-1/ccd1__HI.20200817.27025_1_28_flux.fits.gz,KELT-1,0.3620995,39.3837953,HIRES,object (Flux),2020-08-17,59078.312802,516.40081787,70.363368915787,,,,,,validated_spectrum,
data/organized_spectra/KELT-1/ccd2__HI.20170702.25362_2_01_flux.fits.gz,KELT-1,0.3620995,39.3837953,HIRES: High Resolution Echelle Spectrometer,focus (Flux),2017-07-02,57936.293564,459.92959595,124.73480584791876,,,,,,validated_spectrum,
data/organized_spectra/KELT-1/ccd2__HI.20170702.25362_2_02_flux.fits.gz,KELT-1,0.3620995,39.3837953,HIRES: High Resolution Echelle Spectrometer,focus (Flux),2017-07-02,57936.293564,459.92959595,65.68415085024516,,,,,,validated_spectrum,
data/organized_spectra/KELT-1/ccd2__HI.20170702.25362_2_03_flux.fits.gz,KELT-1,0.3620995,39.3837953,HIRES: High Resolution Echelle Spectrometer,focus (Flux),2017-07-02,57936.293564,459.92959595,74.87210125853981,,,,,,validated_spectrum,
data/organized_spectra/KELT-1/ccd2__HI.20170702.25362_2_04_flux.fits.gz,KELT-1,0.3620995,39.3837953,HIRES: High Resolution Echelle Spectrometer,focus (Flux),2017-07-02,57936.293564,459.92959595,66.97049131218076,,,,,,validated_spectrum,
data/organized_spectra/KELT-1/ccd2__HI.20170702.25362_2_05_flux.fits.gz,KELT-1,0.3620995,39.3837953,HIRES: High Resolution Echelle Spectrometer,focus (Flux),2017-07-02,57936.293564,459.92959595,71.15362436666759,,,,,,validated_spectrum,
data/organized_spectra/KELT-1/ccd2__HI.20170702.25362_2_06_flux.fits.gz,KELT-1,0.3620995,39.3837953,HIRES: High Resolution Echelle Spectrometer,focus (Flux),2017-07-02,57936.293564,459.92959595,82.88730091623299,,,,,,validated_spectrum,
data/organized_spectra/KELT-1/ccd2__HI.20170702.25362_2_07_flux.fits.gz,KELT-1,0.3620995,39.3837953,HIRES: High Resolution Echelle Spectrometer,focus (Flux),2017-07-02,57936.293564,459.92959595,80.85685783072913,,,,,,validated_spectrum,
data/organized_spectra/KELT-1/ccd2__HI.20170702.25362_2_08_flux.fits.gz,KELT-1,0.3620995,39.3837953,HIRES: High Resolution Echelle Spectrometer,focus (Flux),2017-07-02,57936.293564,459.92959595,91.10866855320764,,,,,,validated_spectrum,
data/organized_spectra/KELT-1/ccd2__HI.20170702.25362_2_09_flux.fits.gz,KELT-1,0.3620995,39.3837953,HIRES: High Resolution Echelle Spectrometer,focus (Flux),2017-07-02,57936.293564,459.92959595,87.66250986025858,,,,,,validated_spectrum,
data/organized_spectra/KELT-1/ccd2__HI.20170702.25362_2_10_flux.fits.gz,KELT-1,0.3620995,39.3837953,HIRES: High Resolution Echelle Spectrometer,focus (Flux),2017-07-02,57936.293564,459.92959595,97.03396890721449,,,,,,validated_spectrum,
data/organized_spectra/KELT-1/ccd2__HI.20170702.25362_2_11_flux.fits.gz,KELT-1,0.3620995,39.3837953,HIRES: High Resolution Echelle Spectrometer,focus (Flux),2017-07-02,57936.293564,459.92959595,103.31319883177136,,,,,,validated_spectrum,
data/organized_spectra/KELT-1/ccd2__HI.20170702.25362_2_12_flux.fits.gz,KELT-1,0.3620995,39.3837953,HIRES: High Resolution Echelle Spectrometer,focus (Flux),2017-07-02,57936.293564,459.92959595,103.46060093921584,,,,,,validated_spectrum,
data/organized_spectra/KELT-1/ccd2__HI.20170702.25362_2_13_flux.fits.gz,KELT-1,0.3620995,39.3837953,HIRES: High Resolution Echelle Spectrometer,focus (Flux),2017-07-02,57936.293564,459.92959595,104.210157630529,,,,,,validated_spectrum,
data/organized_spectra/KELT-1/ccd2__HI.20170702.25362_2_14_flux.fits.gz,KELT-1,0.3620995,39.3837953,HIRES: High Resolution Echelle Spectrometer,focus (Flux),2017-07-02,57936.293564,459.92959595,105.55603751279295,,,,,,validated_spectrum,
data/organized_spectra/KELT-1/ccd2__HI.20170702.25362_2_15_flux.fits.gz,KELT-1,0.3620995,39.3837953,HIRES: High Resolution Echelle Spectrometer,focus (Flux),2017-07-02,57936.293564,459.92959595,100.62883879422264,,,,,,validated_spectrum,
data/organized_spectra/KELT-1/ccd2__HI.20170702.25362_2_16_flux.fits.gz,KELT-1,0.3620995,39.3837953,HIRES: High Resolution Echelle Spectrometer,focus (Flux),2017-07-02,57936.293564,459.92959595,101.68111831582144,,,,,,validated_spectrum,
data/organized_spectra/KELT-1/ccd2__HI.20170702.25362_2_17_flux.fits.gz,KELT-1,0.3620995,39.3837953,HIRES: High Resolution Echelle Spectrometer,focus (Flux),2017-07-02,57936.293564,459.92959595,106.150838548166,,,,,,validated_spectrum,
data/organized_spectra/KELT-1/ccd2__HI.20170702.51878_2_01_flux.fits.gz,KELT-1,0.3620995,39.3837953,HIRES: High Resolution Echelle Spectrometer,focus (Flux),2017-07-02,57936.600467,497.7791748,83.51207481009715,,,,,,validated_spectrum,
data/organized_spectra/KELT-1/ccd2__HI.20170702.51878_2_02_flux.fits.gz,KELT-1,0.3620995,39.3837953,HIRES: High Resolution Echelle Spectrometer,focus (Flux),2017-07-02,57936.600467,497.7791748,49.287418335863805,,,,,,validated_spectrum,
data/organized_spectra/KELT-1/ccd2__HI.20170702.51878_2_03_flux.fits.gz,KELT-1,0.3620995,39.3837953,HIRES: High Resolution Echelle Spectrometer,focus (Flux),2017-07-02,57936.600467,497.7791748,55.188972702602754,,,,,,validated_spectrum,
data/organized_spectra/KELT-1/ccd2__HI.20170702.51878_2_04_flux.fits.gz,KELT-1,0.3620995,39.3837953,HIRES: High Resolution Echelle Spectrometer,focus (Flux),2017-07-02,57936.600467,497.7791748,51.001810599120326,,,,,,validated_spectrum,
data/organized_spectra/KELT-1/ccd2__HI.20170702.51878_2_05_flux.fits.gz,KELT-1,0.3620995,39.3837953,HIRES: High Resolution Echelle Spectrometer,focus (Flux),2017-07-02,57936.600467,497.7791748,53.83225726465643,,,,,,validated_spectrum,
data/organized_spectra/KELT-1/ccd2__HI.20170702.51878_2_06_flux.fits.gz,KELT-1,0.3620995,39.3837953,HIRES: High Resolution Echelle Spectrometer,focus (Flux),2017-07-02,57936.600467,497.7791748,59.28277543045774,,,,,,validated_spectrum,
data/organized_spectra/KELT-1/ccd2__HI.20170702.51878_2_07_flux.fits.gz,KELT-1,0.3620995,39.3837953,HIRES: High Resolution Echelle Spectrometer,focus (Flux),2017-07-02,57936.600467,497.7791748,59.65692628895662,,,,,,validated_spectrum,
data/organized_spectra/KELT-1/ccd2__HI.20170702.51878_2_08_flux.fits.gz,KELT-1,0.3620995,39.3837953,HIRES: High Resolution Echelle Spectrometer,focus (Flux),2017-07-02,57936.600467,497.7791748,66.99739373016286,,,,,,validated_spectrum,
data/organized_spectra/KELT-1/ccd2__HI.20170702.51878_2_09_flux.fits.gz,KELT-1,0.3620995,39.3837953,HIRES: High Resolution Echelle Spectrometer,focus (Flux),2017-07-02,57936.600467,497.7791748,65.95819029146398,,,,,,validated_spectrum,
data/organized_spectra/KELT-1/ccd2__HI.20170702.51878_2_10_flux.fits.gz,KELT-1,0.3620995,39.3837953,HIRES: High Resolution Echelle Spectrometer,focus (Flux),2017-07-02,57936.600467,497.7791748,68.48090623377024,,,,,,validated_spectrum,
data/organized_spectra/KELT-1/ccd2__HI.20170702.51878_2_11_flux.fits.gz,KELT-1,0.3620995,39.3837953,HIRES: High Resolution Echelle Spectrometer,focus (Flux),2017-07-02,57936.600467,497.7791748,72.83862408479135,,,,,,validated_spectrum,
data/organized_spectra/KELT-1/ccd2__HI.20170702.51878_2_12_flux.fits.gz,KELT-1,0.3620995,39.3837953,HIRES: High Resolution Echelle Spectrometer,focus (Flux),2017-07-02,57936.600467,497.7791748,72.65791920793255,,,,,,validated_spectrum,
data/organized_spectra/KELT-1/ccd2__HI.20170702.51878_2_13_flux.fits.gz,KELT-1,0.3620995,39.3837953,HIRES: High Resolution Echelle Spectrometer,focus (Flux),2017-07-02,57936.600467,497.7791748,70.6023928629988,,,,,,validated_spectrum,
data/organized_spectra/KELT-1/ccd2__HI.20170702.51878_2_14_flux.fits.gz,KELT-1,0.3620995,39.3837953,HIRES: High Resolution Echelle Spectrometer,focus (Flux),2017-07-02,57936.600467,497.7791748,74.96934190102566,,,,,,validated_spectrum,
data/organized_spectra/KELT-1/ccd2__HI.20170702.51878_2_15_flux.fits.gz,KELT-1,0.3620995,39.3837953,HIRES: High Resolution Echelle Spectrometer,focus (Flux),2017-07-02,57936.600467,497.7791748,71.11080015700446,,,,,,validated_spectrum,
data/organized_spectra/KELT-1/ccd2__HI.20170702.51878_2_16_flux.fits.gz,KELT-1,0.3620995,39.3837953,HIRES: High Resolution Echelle Spectrometer,focus (Flux),2017-07-02,57936.600467,497.7791748,70.33815298276372,,,,,,validated_spectrum,
data/organized_spectra/KELT-1/ccd2__HI.20170702.51878_2_17_flux.fits.gz,KELT-1,0.3620995,39.3837953,HIRES: High Resolution Echelle Spectrometer,focus (Flux),2017-07-02,57936.600467,497.7791748,72.79004005520038,,,,,,validated_spectrum,
data/organized_spectra/KELT-1/ccd3__HI.20170702.25362_3_01_flux.fits.gz,KELT-1,0.3620995,39.3837953,HIRES: High Resolution Echelle Spectrometer,focus (Flux),2017-07-02,57936.293564,459.92959595,109.25972085332523,,75.08254836924307,,,,validated_spectrum,
data/organized_spectra/KELT-1/ccd3__HI.20170702.25362_3_02_flux.fits.gz,KELT-1,0.3620995,39.3837953,HIRES: High Resolution Echelle Spectrometer,focus (Flux),2017-07-02,57936.293564,459.92959595,107.0044089751247,107.87843336790228,,,,,validated_spectrum,
data/organized_spectra/KELT-1/ccd3__HI.20170702.25362_3_03_flux.fits.gz,KELT-1,0.3620995,39.3837953,HIRES: High Resolution Echelle Spectrometer,focus (Flux),2017-07-02,57936.293564,459.92959595,96.45167842466329,,,,,,validated_spectrum,
data/organized_spectra/KELT-1/ccd3__HI.20170702.25362_3_04_flux.fits.gz,KELT-1,0.3620995,39.3837953,HIRES: High Resolution Echelle Spectrometer,focus (Flux),2017-07-02,57936.293564,459.92959595,96.91267026954765,,,,,,validated_spectrum,
data/organized_spectra/KELT-1/ccd3__HI.20170702.25362_3_05_flux.fits.gz,KELT-1,0.3620995,39.3837953,HIRES: High Resolution Echelle Spectrometer,focus (Flux),2017-07-02,57936.293564,459.92959595,98.14271392502482,,,,,,validated_spectrum,
data/organized_spectra/KELT-1/ccd3__HI.20170702.25362_3_06_flux.fits.gz,KELT-1,0.3620995,39.3837953,HIRES: High Resolution Echelle Spectrometer,focus (Flux),2017-07-02,57936.293564,459.92959595,78.51121513754262,,,,,,validated_spectrum,
data/organized_spectra/KELT-1/ccd3__HI.20170702.25362_3_07_flux.fits.gz,KELT-1,0.3620995,39.3837953,HIRES: High Resolution Echelle Spectrometer,focus (Flux),2017-07-02,57936.293564,459.92959595,99.5107674232868,,,,,,validated_spectrum,
data/organized_spectra/KELT-1/ccd3__HI.20170702.25362_3_08_flux.fits.gz,KELT-1,0.3620995,39.3837953,HIRES: High Resolution Echelle Spectrometer,focus (Flux),2017-07-02,57936.293564,459.92959595,71.15644999465052,,,,,,validated_spectrum,
data/organized_spectra/KELT-1/ccd3__HI.20170702.25362_3_09_flux.fits.gz,KELT-1,0.3620995,39.3837953,HIRES: High Resolution Echelle Spectrometer,focus (Flux),2017-07-02,57936.293564,459.92959595,96.90002282695218,,,,,,validated_spectrum,
data/organized_spectra/KELT-1/ccd3__HI.20170702.25362_3_10_flux.fits.gz,KELT-1,0.3620995,39.3837953,HIRES: High Resolution Echelle Spectrometer,focus (Flux),2017-07-02,57936.293564,459.92959595,128.79737293243977,,,,,,validated_spectrum,
data/organized_spectra/KELT-1/ccd3__HI.20170702.51878_3_01_flux.fits.gz,KELT-1,0.3620995,39.3837953,HIRES: High Resolution Echelle Spectrometer,focus (Flux),2017-07-02,57936.600467,497.7791748,73.42768887124421,,52.09679938766925,,,,validated_spectrum,
data/organized_spectra/KELT-1/ccd3__HI.20170702.51878_3_02_flux.fits.gz,KELT-1,0.3620995,39.3837953,HIRES: High Resolution Echelle Spectrometer,focus (Flux),2017-07-02,57936.600467,497.7791748,77.1504313369895,84.16438660826043,,,,,validated_spectrum,
data/organized_spectra/KELT-1/ccd3__HI.20170702.51878_3_03_flux.fits.gz,KELT-1,0.3620995,39.3837953,HIRES: High Resolution Echelle Spectrometer,focus (Flux),2017-07-02,57936.600467,497.7791748,67.5837694764523,,,,,,validated_spectrum,
data/organized_spectra/KELT-1/ccd3__HI.20170702.51878_3_04_flux.fits.gz,KELT-1,0.3620995,39.3837953,HIRES: High Resolution Echelle Spectrometer,focus (Flux),2017-07-02,57936.600467,497.7791748,71.52070411780558,,,,,,validated_spectrum,
data/organized_spectra/KELT-1/ccd3__HI.20170702.51878_3_05_flux.fits.gz,KELT-1,0.3620995,39.3837953,HIRES: High Resolution Echelle Spectrometer,focus (Flux),2017-07-02,57936.600467,497.7791748,74.10059869395563,,,,,,validated_spectrum,
data/organized_spectra/KELT-1/ccd3__HI.20170702.51878_3_06_flux.fits.gz,KELT-1,0.3620995,39.3837953,HIRES: High Resolution Echelle Spectrometer,focus (Flux),2017-07-02,57936.600467,497.7791748,61.53098615499055,,,,,,validated_spectrum,
data/organized_spectra/KELT-1/ccd3__HI.20170702.51878_3_07_flux.fits.gz,KELT-1,0.3620995,39.3837953,HIRES: High Resolution Echelle Spectrometer,focus (Flux),2017-07-02,57936.600467,497.7791748,73.16582289622876,,,,,,validated_spectrum,
data/organized_spectra/KELT-1/ccd3__HI.20170702.51878_3_08_flux.fits.gz,KELT-1,0.3620995,39.3837953,HIRES: High Resolution Echelle Spectrometer,focus (Flux),2017-07-02,57936.600467,497.7791748,58.19012252414664,,,,,,validated_spectrum,
data/organized_spectra/KELT-1/ccd3__HI.20170702.51878_3_09_flux.fits.gz,KELT-1,0.3620995,39.3837953,HIRES: High Resolution Echelle Spectrometer,focus (Flux),2017-07-02,57936.600467,497.7791748,72.87233161186093,,,,,,validated_spectrum,
data/organized_spectra/KELT-1/ccd3__HI.20170702.51878_3_10_flux.fits.gz,KELT-1,0.3620995,39.3837953,HIRES: High Resolution Echelle Spectrometer,focus (Flux),2017-07-02,57936.600467,497.7791748,96.0369835703778,,,,,,validated_spectrum,
data/organized_spectra/TIC118327550/TIC0118327550S-ab20181221.fits,TIC118327550,,,HIRES,T0118327550,2018-12-21T03:03:52,58473.127685,1500.0,11.131034951538798,,,,,,validated_spectrum,
data/organized_spectra/TIC12421862/TIC0012421862S-ab20181116.fits,TIC12421862,,,HIRES,T0012421862,2018-11-16T04:18:21,58438.17941,1600.0,24.015380067779446,,,,,,validated_spectrum,
data/organized_spectra/TIC251848941/TIC0251848941S-ab20181025.fits,TIC251848941,,,HIRES,T0251848941,2018-10-25T05:44:22,58416.239144,1650.0,24.895204859526167,,,,,,validated_spectrum,
data/organized_spectra/TIC251848941/TIC0251848941S-ab20181105.fits,TIC251848941,,,HIRES,T0251848941,2018-11-05T04:24:42,58427.183819,2100.0,14.368825399825807,,,,,,validated_spectrum,
data/organized_spectra/TIC257392778/220216730S-Me57673.88331a.fits,TIC257392778,,,ts23-e2,EPIC 220216730 KP,2016-10-12,,1785.784,16.978838940286646,,,,,,validated_spectrum,
data/organized_spectra/TIC257392778/220216730S-ab20160715.fits,TIC257392778,,,HIRES,EP220216730,2016-07-15T10:09:06,57584.422986,1800.0,13.565745855626854,,,,,,validated_spectrum,
data/organized_spectra/TIC257571543/220218012S-PM57640.95882a.fits,TIC257571543,,,ts23-e2,EPIC 220218012 KP,2016-09-09,,1691.173,16.128961997502575,,,,,,validated_spectrum,
data/organized_spectra/TIC257571543/220218012S-ab20160912.fits,TIC257571543,,,HIRES,EP220218012,2016-09-12T08:36:50,57643.358912,1800.0,11.365863018533304,,,,,,validated_spectrum,
data/organized_spectra/TIC267650535/TIC0267650535S-ab55078.94577.fits,TIC267650535,,,HIRES,HTR163-001,2009-09-04T10:21:04,55078.431296,1800.0,10.68347028532057,,,,,,validated_spectrum,
data/organized_spectra/TIC284441182/TIC0284441182S-ab20200127.fits,TIC284441182,,,HIRES,T0284441182,2020-01-27T03:45:24,58875.156528,2400.0,10.515495604256223,,,,,,validated_spectrum,
data/organized_spectra/TIC318707987/220383386S-ME57673.77033a.fits,TIC318707987,,,ts23-e2,EPIC 220383386 KP + I2,2016-10-12,,1200.0,58.85206445533941,,,,,,validated_spectrum,
data/organized_spectra/TIC318707987/220383386S-ME57674.84277a.fits,TIC318707987,,,ts23-e2,EPIC 220383386 KP + I2,2016-10-13,,1200.0,51.90007025759381,,,,,,validated_spectrum,
data/organized_spectra/TIC318707987/220383386S-MJ57686.75230a.fits,TIC318707987,,,ts23-e2,EPIC 220383386 +I2,2016-10-25,,1200.0,53.02244484275288,,,,,,validated_spectrum,
data/organized_spectra/TIC318707987/220383386S-MJ57687.80253a.fits,TIC318707987,,,ts23-e2,EPIC 220383386 +I2,2016-10-26,,1200.0,52.85055263676247,,,,,,validated_spectrum,
data/organized_spectra/TIC318707987/220383386S-Me57673.79004a.fits,TIC318707987,,,ts23-e2,EPIC 220383386 KP,2016-10-12,,1800.0,85.2681690089466,,,,,,validated_spectrum,
data/organized_spectra/TIC318707987/220383386S-WC57615.80604a.fits,TIC318707987,,,ts23-e2,EPIC 220383386 + I2,2016-08-15,,1200.0,49.21697165464554,,,,,,validated_spectrum,
data/organized_spectra/TIC318707987/220383386S-WC57615.82163a.fits,TIC318707987,,,ts23-e2,EPIC 220383386 + I2,2016-08-15,,1200.0,52.440033613501896,,,,,,validated_spectrum,
data/organized_spectra/TIC318707987/220383386S-WC57615.83664a.fits,TIC318707987,,,ts23-e2,EPIC 220383386 + I2,2016-08-15,,1200.0,49.12040378789235,,,,,,validated_spectrum,
data/organized_spectra/TIC318707987/220383386S-WC57615.85303a.fits,TIC318707987,,,ts23-e2,EPIC 220383386 + I2,2016-08-15,,1200.0,52.59564603182437,,,,,,validated_spectrum,
data/organized_spectra/TIC318707987/220383386S-WC57615.86804a.fits,TIC318707987,,,ts23-e2,EPIC 220383386 + I2,2016-08-15,,1200.0,49.64900335851434,,,,,,validated_spectrum,
data/organized_spectra/TIC318707987/220383386S-WC57615.88304a.fits,TIC318707987,,,ts23-e2,EPIC 220383386 + I2,2016-08-15,,1200.0,50.7622198770835,,,,,,validated_spectrum,
data/organized_spectra/TIC318707987/220383386S-ab20160712.fits,TIC318707987,,,HIRES,EP220383386,2016-07-12T11:10:54,57581.465903,240.0,36.0373882662149,,,,,,validated_spectrum,
data/organized_spectra/TIC318707987/220383386S-hi54790.91931b.fits,TIC318707987,,,HIRES: High Resolution Echelle Spectrometer,13167,2008-11-20,54790.418824,88.58239746,36.84333586455425,,,,,,validated_spectrum,
data/organized_spectra/TIC318707987/220383386S-hi54790.91931i.fits,TIC318707987,,,HIRES: High Resolution Echelle Spectrometer,13167,2008-11-20,54790.418824,88.58239746,167.6790678821439,,,,,,validated_spectrum,
data/organized_spectra/TIC318707987/220383386S-hi54790.91931r.fits,TIC318707987,,,HIRES: High Resolution Echelle Spectrometer,13167,2008-11-20,54790.418824,88.58239746,143.44499773982517,,,,,,validated_spectrum,
data/organized_spectra/TIC318707987/220383386S-hi57580.11619b.fits,TIC318707987,,,HIRES: High Resolution Echelle Spectrometer,3167,2016-07-10,57579.613982,232.75280762,30.35622444791823,,,,,,validated_spectrum,
data/organized_spectra/TIC318707987/220383386S-hi57580.11619i.fits,TIC318707987,,,HIRES: High Resolution Echelle Spectrometer,3167,2016-07-10,57579.613982,232.75280762,178.68554251690466,,,,,,validated_spectrum,
data/organized_spectra/TIC318707987/220383386S-hi57580.11619r.fits,TIC318707987,,,HIRES: High Resolution Echelle Spectrometer,3167,2016-07-10,57579.613982,232.75280762,54.29636080059976,,,,,,validated_spectrum,
data/organized_spectra/TIC318707987/220383386S-hi57580.11933b.fits,TIC318707987,,,HIRES: High Resolution Echelle Spectrometer,3167,2016-07-10,57579.617168,225.06919861,29.561890032176297,,,,,,validated_spectrum,
data/organized_spectra/TIC318707987/220383386S-hi57580.11933i.fits,TIC318707987,,,HIRES: High Resolution Echelle Spectrometer,3167,2016-07-10,57579.617168,225.06919861,174.3594854316769,,,,,,validated_spectrum,
data/organized_spectra/TIC318707987/220383386S-hi57580.11933r.fits,TIC318707987,,,HIRES: High Resolution Echelle Spectrometer,3167,2016-07-10,57579.617168,225.06919861,52.21008829344487,,,,,,validated_spectrum,
data/organized_spectra/TIC318707987/220383386S-hi57580.12243b.fits,TIC318707987,,,HIRES: High Resolution Echelle Spectrometer,3167,2016-07-10,57579.620277,223.48519897,30.135413718092067,,,,,,validated_spectrum,
data/organized_spectra/TIC318707987/220383386S-hi57580.12243i.fits,TIC318707987,,,HIRES: High Resolution Echelle Spectrometer,3167,2016-07-10,57579.620277,223.48519897,175.19936781818765,,,,,,validated_spectrum,
data/organized_spectra/TIC318707987/220383386S-hi57580.12243r.fits,TIC318707987,,,HIRES: High Resolution Echelle Spectrometer,3167,2016-07-10,57579.620277,223.48519897,51.59485242965673,,,,,,validated_spectrum,
data/organized_spectra/TIC318707987/220383386S-hi57581.09182b.fits,TIC318707987,,,HIRES: High Resolution Echelle Spectrometer,3167,2016-07-11,57580.589888,167.21881104,28.19870886060111,,,,,,validated_spectrum,
data/organized_spectra/TIC318707987/220383386S-hi57581.09182g.fits,TIC318707987,,,HIRES: High Resolution Echelle Spectrometer,3167,2016-07-11,57580.589888,167.21881104,144.7333051451231,,,,,,validated_spectrum,
data/organized_spectra/TIC318707987/220383386S-hi57581.09182i.fits,TIC318707987,,,HIRES: High Resolution Echelle Spectrometer,3167,2016-07-11,57580.589888,167.21881104,169.17085837878025,,,,,,validated_spectrum,
data/organized_spectra/TIC318707987/220383386S-hi57581.09424b.fits,TIC318707987,,,HIRES: High Resolution Echelle Spectrometer,3167,2016-07-11,57580.592326,166.51919556,27.705721003553062,,,,,,validated_spectrum,
data/organized_spectra/TIC318707987/220383386S-hi57581.09424g.fits,TIC318707987,,,HIRES: High Resolution Echelle Spectrometer,3167,2016-07-11,57580.592326,166.51919556,143.72633281794228,,,,,,validated_spectrum,
data/organized_spectra/TIC318707987/220383386S-hi57581.09424i.fits,TIC318707987,,,HIRES: High Resolution Echelle Spectrometer,3167,2016-07-11,57580.592326,166.51919556,165.64593969052044,,,,,,validated_spectrum,
data/organized_spectra/TIC318707987/220383386S-hi57581.09665b.fits,TIC318707987,,,HIRES: High Resolution Echelle Spectrometer,3167,2016-07-11,57580.594747,165.25279236,27.844711021999423,,,,,,validated_spectrum,
data/organized_spectra/TIC318707987/220383386S-hi57581.09665g.fits,TIC318707987,,,HIRES: High Resolution Echelle Spectrometer,3167,2016-07-11,57580.594747,165.25279236,144.04532489181554,,,,,,validated_spectrum,
data/organized_spectra/TIC318707987/220383386S-hi57581.09665i.fits,TIC318707987,,,HIRES: High Resolution Echelle Spectrometer,3167,2016-07-11,57580.594747,165.25279236,166.30344827201645,,,,,,validated_spectrum,
data/organized_spectra/TIC318707987/220383386S-hi57581.10213b.fits,TIC318707987,,,HIRES: High Resolution Echelle Spectrometer,3167,2016-07-11,57580.599883,223.11199951,30.219359800398337,,,,,,validated_spectrum,
data/organized_spectra/TIC318707987/220383386S-hi57581.10213i.fits,TIC318707987,,,HIRES: High Resolution Echelle Spectrometer,3167,2016-07-11,57580.599883,223.11199951,174.0383408214161,,,,,,validated_spectrum,
data/organized_spectra/TIC318707987/220383386S-hi57581.10213r.fits,TIC318707987,,,HIRES: High Resolution Echelle Spectrometer,3167,2016-07-11,57580.599883,223.11199951,51.64050231615022,,,,,,validated_spectrum,
data/organized_spectra/TIC318707987/220383386S-hi57581.10520b.fits,TIC318707987,,,HIRES: High Resolution Echelle Spectrometer,3167,2016-07-11,57580.602952,225.15480042,30.001692550708388,,,,,,validated_spectrum,
data/organized_spectra/TIC318707987/220383386S-hi57581.10520i.fits,TIC318707987,,,HIRES: High Resolution Echelle Spectrometer,3167,2016-07-11,57580.602952,225.15480042,181.82794721062317,,,,,,validated_spectrum,
data/organized_spectra/TIC318707987/220383386S-hi57581.10520r.fits,TIC318707987,,,HIRES: High Resolution Echelle Spectrometer,3167,2016-07-11,57580.602952,225.15480042,50.577476206966,,,,,,validated_spectrum,
data/organized_spectra/TIC318707987/220383386S-hi57581.10830b.fits,TIC318707987,,,HIRES: High Resolution Echelle Spectrometer,3167,2016-07-11,57580.606041,225.56399536,29.661497705806426,,,,,,validated_spectrum,
data/organized_spectra/TIC318707987/220383386S-hi57581.10830i.fits,TIC318707987,,,HIRES: High Resolution Echelle Spectrometer,3167,2016-07-11,57580.606041,225.56399536,182.2144926363984,,,,,,validated_spectrum,
data/organized_spectra/TIC318707987/220383386S-hi57581.10830r.fits,TIC318707987,,,HIRES: High Resolution Echelle Spectrometer,3167,2016-07-11,57580.606041,225.56399536,50.27163377257847,,,,,,validated_spectrum,
data/organized_spectra/TIC318707987/220383386S-hi57582.10289b.fits,TIC318707987,,,HIRES: High Resolution Echelle Spectrometer,3167,2016-07-12,57581.600416,247.91918945,30.598515812240127,,,,,,validated_spectrum,
data/organized_spectra/TIC318707987/220383386S-hi57582.10289i.fits,TIC318707987,,,HIRES: High Resolution Echelle Spectrometer,3167,2016-07-12,57581.600416,247.91918945,188.6959382263744,,,,,,validated_spectrum,
data/organized_spectra/TIC318707987/220383386S-hi57582.10289r.fits,TIC318707987,,,HIRES: High Resolution Echelle Spectrometer,3167,2016-07-12,57581.600416,247.91918945,55.92986744863786,,,,,,validated_spectrum,
data/organized_spectra/TIC318707987/220383386S-hi57582.10619b.fits,TIC318707987,,,HIRES: High Resolution Echelle Spectrometer,3167,2016-07-12,57581.603768,237.23519897,30.25145591396563,,,,,,validated_spectrum,
data/organized_spectra/TIC318707987/220383386S-hi57582.10619i.fits,TIC318707987,,,HIRES: High Resolution Echelle Spectrometer,3167,2016-07-12,57581.603768,237.23519897,175.48718049414177,,,,,,validated_spectrum,
data/organized_spectra/TIC318707987/220383386S-hi57582.10619r.fits,TIC318707987,,,HIRES: High Resolution Echelle Spectrometer,3167,2016-07-12,57581.603768,237.23519897,54.736226715622934,,,,,,validated_spectrum,
data/organized_spectra/TIC318707987/220383386S-hi57582.10944b.fits,TIC318707987,,,HIRES: High Resolution Echelle Spectrometer,3167,2016-07-12,57581.607012,240.10319519,30.25392403199153,,,,,,validated_spectrum,
data/organized_spectra/TIC318707987/220383386S-hi57582.10944i.fits,TIC318707987,,,HIRES: High Resolution Echelle Spectrometer,3167,2016-07-12,57581.607012,240.10319519,174.46848600523876,,,,,,validated_spectrum,
data/organized_spectra/TIC318707987/220383386S-hi57582.10944r.fits,TIC318707987,,,HIRES: High Resolution Echelle Spectrometer,3167,2016-07-12,57581.607012,240.10319519,52.69334760075931,,,,,,validated_spectrum,
data/organized_spectra/TIC318707987/220383386S-hi57583.08420b.fits,TIC318707987,,,HIRES: High Resolution Echelle Spectrometer,3167,2016-07-13,57582.581649,241.0447998,30.788506512746903,,,,,,validated_spectrum,
data/organized_spectra/TIC318707987/220383386S-hi57583.08420i.fits,TIC318707987,,,HIRES: High Resolution Echelle Spectrometer,3167,2016-07-13,57582.581649,241.0447998,194.0794839650539,,,,,,validated_spectrum,
data/organized_spectra/TIC318707987/220383386S-hi57583.08420r.fits,TIC318707987,,,HIRES: High Resolution Echelle Spectrometer,3167,2016-07-13,57582.581649,241.0447998,57.48888198586022,,,,,,validated_spectrum,
data/organized_spectra/TIC318707987/220383386S-hi57583.09981b.fits,TIC318707987,,,HIRES: High Resolution Echelle Spectrometer,3167,2016-07-13,57582.597329,228.18638611,30.46008881728068,,,,,,validated_spectrum,
data/organized_spectra/TIC318707987/220383386S-hi57583.09981i.fits,TIC318707987,,,HIRES: High Resolution Echelle Spectrometer,3167,2016-07-13,57582.597329,228.18638611,184.87867444645323,,,,,,validated_spectrum,
data/organized_spectra/TIC318707987/220383386S-hi57583.09981r.fits,TIC318707987,,,HIRES: High Resolution Echelle Spectrometer,3167,2016-07-13,57582.597329,228.18638611,55.61286685405436,,,,,,validated_spectrum,
data/organized_spectra/TIC318707987/220383386S-hi57583.12090b.fits,TIC318707987,,,HIRES: High Resolution Echelle Spectrometer,3167,2016-07-13,57582.618471,220.17919922,30.13215910598445,,,,,,validated_spectrum,
data/organized_spectra/TIC318707987/220383386S-hi57583.12090i.fits,TIC318707987,,,HIRES: High Resolution Echelle Spectrometer,3167,2016-07-13,57582.618471,220.17919922,173.6293805358195,,,,,,validated_spectrum,
data/organized_spectra/TIC318707987/220383386S-hi57583.12090r.fits,TIC318707987,,,HIRES: High Resolution Echelle Spectrometer,3167,2016-07-13,57582.618471,220.17919922,52.74157405663675,,,,,,validated_spectrum,
data/organized_spectra/TIC318707987/220383386S-hi57584.00623b.fits,TIC318707987,,,HIRES: High Resolution Echelle Spectrometer,3167,2016-07-14,57583.503618,235.66999817,30.054246384861493,,,,,,validated_spectrum,
data/organized_spectra/TIC318707987/220383386S-hi57584.00623i.fits,TIC318707987,,,HIRES: High Resolution Echelle Spectrometer,3167,2016-07-14,57583.503618,235.66999817,184.86463886640016,,,,,,validated_spectrum,
data/organized_spectra/TIC318707987/220383386S-hi57584.00623r.fits,TIC318707987,,,HIRES: High Resolution Echelle Spectrometer,3167,2016-07-14,57583.503618,235.66999817,52.54933318812087,,,,,,validated_spectrum,
data/organized_spectra/TIC318707987/220383386S-hi57584.04779b.fits,TIC318707987,,,HIRES: High Resolution Echelle Spectrometer,3167,2016-07-14,57583.545111,247.66119385,29.748886582922086,,,,,,validated_spectrum,
data/organized_spectra/TIC318707987/220383386S-hi57584.04779i.fits,TIC318707987,,,HIRES: High Resolution Echelle Spectrometer,3167,2016-07-14,57583.545111,247.66119385,183.91253032120355,,,,,,validated_spectrum,
data/organized_spectra/TIC318707987/220383386S-hi57584.04779r.fits,TIC318707987,,,HIRES: High Resolution Echelle Spectrometer,3167,2016-07-14,57583.545111,247.66119385,54.82080721465373,,,,,,validated_spectrum,
data/organized_spectra/TIC318707987/220383386S-hi57584.09959b.fits,TIC318707987,,,HIRES: High Resolution Echelle Spectrometer,3167,2016-07-14,57583.597145,208.24398804,30.199208748758757,,,,,,validated_spectrum,
data/organized_spectra/TIC318707987/220383386S-hi57584.09959i.fits,TIC318707987,,,HIRES: High Resolution Echelle Spectrometer,3167,2016-07-14,57583.597145,208.24398804,166.68028722118603,,,,,,validated_spectrum,
data/organized_spectra/TIC318707987/220383386S-hi57584.09959r.fits,TIC318707987,,,HIRES: High Resolution Echelle Spectrometer,3167,2016-07-14,57583.597145,208.24398804,50.31951661830051,,,,,,validated_spectrum,
data/organized_spectra/TIC318707987/220383386S-hi57584.98896b.fits,TIC318707987,,,HIRES: High Resolution Echelle Spectrometer,3167,2016-07-15,57584.485781,321.33560181,30.99356488828276,,,,,,validated_spectrum,
data/organized_spectra/TIC318707987/220383386S-hi57584.98896i.fits,TIC318707987,,,HIRES: High Resolution Echelle Spectrometer,3167,2016-07-15,57584.485781,321.33560181,187.03759560855303,,,,,,validated_spectrum,
data/organized_spectra/TIC318707987/220383386S-hi57584.98896r.fits,TIC318707987,,,HIRES: High Resolution Echelle Spectrometer,3167,2016-07-15,57584.485781,321.33560181,55.11852836295435,,,,,,validated_spectrum,
data/organized_spectra/TIC318707987/220383386S-hi57584.99289b.fits,TIC318707987,,,HIRES: High Resolution Echelle Spectrometer,3167,2016-07-15,57584.489986,269.76318359,30.690744925592277,,,,,,validated_spectrum,
data/organized_spectra/TIC318707987/220383386S-hi57584.99289i.fits,TIC318707987,,,HIRES: High Resolution Echelle Spectrometer,3167,2016-07-15,57584.489986,269.76318359,177.89374766642237,,,,,,validated_spectrum,
data/organized_spectra/TIC318707987/220383386S-hi57584.99289r.fits,TIC318707987,,,HIRES: High Resolution Echelle Spectrometer,3167,2016-07-15,57584.489986,269.76318359,55.58160643748457,,,,,,validated_spectrum,
data/organized_spectra/TIC318707987/220383386S-hi57584.99644b.fits,TIC318707987,,,HIRES: High Resolution Echelle Spectrometer,3167,2016-07-15,57584.493603,263.48638916,31.04475059566496,,,,,,validated_spectrum,
data/organized_spectra/TIC318707987/220383386S-hi57584.99644i.fits,TIC318707987,,,HIRES: High Resolution Echelle Spectrometer,3167,2016-07-15,57584.493603,263.48638916,180.98268731829387,,,,,,validated_spectrum,
data/organized_spectra/TIC318707987/220383386S-hi57584.99644r.fits,TIC318707987,,,HIRES: High Resolution Echelle Spectrometer,3167,2016-07-15,57584.493603,263.48638916,55.57422579749391,,,,,,validated_spectrum,
data/organized_spectra/TIC318707987/220383386S-hi57585.07773b.fits,TIC318707987,,,HIRES: High Resolution Echelle Spectrometer,3167,2016-07-15,57584.575137,215.51200867,29.865705072966023,,,,,,validated_spectrum,
data/organized_spectra/TIC318707987/220383386S-hi57585.07773i.fits,TIC318707987,,,HIRES: High Resolution Echelle Spectrometer,3167,2016-07-15,57584.575137,215.51200867,171.84168705184385,,,,,,validated_spectrum,
data/organized_spectra/TIC318707987/220383386S-hi57585.07773r.fits,TIC318707987,,,HIRES: High Resolution Echelle Spectrometer,3167,2016-07-15,57584.575137,215.51200867,52.258208384250295,,,,,,validated_spectrum,
data/organized_spectra/TIC318707987/220383386S-hi57585.08070b.fits,TIC318707987,,,HIRES: High Resolution Echelle Spectrometer,3167,2016-07-15,57584.578112,222.50239563,30.22506413003716,,,,,,validated_spectrum,
data/organized_spectra/TIC318707987/220383386S-hi57585.08070i.fits,TIC318707987,,,HIRES: High Resolution Echelle Spectrometer,3167,2016-07-15,57584.578112,222.50239563,175.01043288613832,,,,,,validated_spectrum,
data/organized_spectra/TIC318707987/220383386S-hi57585.08070r.fits,TIC318707987,,,HIRES: High Resolution Echelle Spectrometer,3167,2016-07-15,57584.578112,222.50239563,53.4099910878912,,,,,,validated_spectrum,
data/organized_spectra/TIC318707987/220383386S-hi57585.08389b.fits,TIC318707987,,,HIRES: High Resolution Echelle Spectrometer,3167,2016-07-15,57584.58118,284.25320435,30.862972757977076,,,,,,validated_spectrum,
data/organized_spectra/TIC318707987/220383386S-hi57585.08389i.fits,TIC318707987,,,HIRES: High Resolution Echelle Spectrometer,3167,2016-07-15,57584.58118,284.25320435,182.5798625613152,,,,,,validated_spectrum,
data/organized_spectra/TIC318707987/220383386S-hi57585.08389r.fits,TIC318707987,,,HIRES: High Resolution Echelle Spectrometer,3167,2016-07-15,57584.58118,284.25320435,55.67130107443124,,,,,,validated_spectrum,
data/organized_spectra/TIC318707987/220383386S-hi57585.99973b.fits,TIC318707987,,,HIRES: High Resolution Echelle Spectrometer,3167,2016-07-16,57585.497045,217.229599,30.477303955697145,,,,,,validated_spectrum,
data/organized_spectra/TIC318707987/220383386S-hi57585.99973i.fits,TIC318707987,,,HIRES: High Resolution Echelle Spectrometer,3167,2016-07-16,57585.497045,217.229599,175.56203153586532,,,,,,validated_spectrum,
data/organized_spectra/TIC318707987/220383386S-hi57585.99973r.fits,TIC318707987,,,HIRES: High Resolution Echelle Spectrometer,3167,2016-07-16,57585.497045,217.229599,53.97648700613935,,,,,,validated_spectrum,
data/organized_spectra/TIC318707987/220383386S-hi57586.00272b.fits,TIC318707987,,,HIRES: High Resolution Echelle Spectrometer,3167,2016-07-16,57585.500052,214.84519958,31.123629183625,,,,,,validated_spectrum,
data/organized_spectra/TIC318707987/220383386S-hi57586.00272i.fits,TIC318707987,,,HIRES: High Resolution Echelle Spectrometer,3167,2016-07-16,57585.500052,214.84519958,173.0692710776677,,,,,,validated_spectrum,
data/organized_spectra/TIC318707987/220383386S-hi57586.00272r.fits,TIC318707987,,,HIRES: High Resolution Echelle Spectrometer,3167,2016-07-16,57585.500052,214.84519958,52.61054760420028,,,,,,validated_spectrum,
data/organized_spectra/TIC318707987/220383386S-hi57586.00572b.fits,TIC318707987,,,HIRES: High Resolution Echelle Spectrometer,3167,2016-07-16,57585.503034,217.95640564,31.169581506597964,,,,,,validated_spectrum,
data/organized_spectra/TIC318707987/220383386S-hi57586.00572i.fits,TIC318707987,,,HIRES: High Resolution Echelle Spectrometer,3167,2016-07-16,57585.503034,217.95640564,177.03067045859547,,,,,,validated_spectrum,
data/organized_spectra/TIC318707987/220383386S-hi57586.00572r.fits,TIC318707987,,,HIRES: High Resolution Echelle Spectrometer,3167,2016-07-16,57585.503034,217.95640564,55.39411107904859,,,,,,validated_spectrum,
data/organized_spectra/TIC318707987/220383386S-hi57586.09385b.fits,TIC318707987,,,HIRES: High Resolution Echelle Spectrometer,3167,2016-07-16,57585.591096,225.97000122,30.903205711467436,,,,,,validated_spectrum,
data/organized_spectra/TIC318707987/220383386S-hi57586.09385i.fits,TIC318707987,,,HIRES: High Resolution Echelle Spectrometer,3167,2016-07-16,57585.591096,225.97000122,180.6302463762838,,,,,,validated_spectrum,
data/organized_spectra/TIC318707987/220383386S-hi57586.09385r.fits,TIC318707987,,,HIRES: High Resolution Echelle Spectrometer,3167,2016-07-16,57585.591096,225.97000122,56.20961060622011,,,,,,validated_spectrum,
data/organized_spectra/TIC318707987/220383386S-hi57586.09692b.fits,TIC318707987,,,HIRES: High Resolution Echelle Spectrometer,3167,2016-07-16,57585.594214,220.14599609,30.814037886132155,,,,,,validated_spectrum,
data/organized_spectra/TIC318707987/220383386S-hi57586.09692i.fits,TIC318707987,,,HIRES: High Resolution Echelle Spectrometer,3167,2016-07-16,57585.594214,220.14599609,184.28884976976707,,,,,,validated_spectrum,
data/organized_spectra/TIC318707987/220383386S-hi57586.09692r.fits,TIC318707987,,,HIRES: High Resolution Echelle Spectrometer,3167,2016-07-16,57585.594214,220.14599609,55.54012887678046,,,,,,validated_spectrum,
data/organized_spectra/TIC318707987/220383386S-hi57586.09998b.fits,TIC318707987,,,HIRES: High Resolution Echelle Spectrometer,3167,2016-07-16,57585.597252,224.73440552,30.97161334019929,,,,,,validated_spectrum,
data/organized_spectra/TIC318707987/220383386S-hi57586.09998i.fits,TIC318707987,,,HIRES: High Resolution Echelle Spectrometer,3167,2016-07-16,57585.597252,224.73440552,182.61689199715977,,,,,,validated_spectrum,
data/organized_spectra/TIC318707987/220383386S-hi57586.09998r.fits,TIC318707987,,,HIRES: High Resolution Echelle Spectrometer,3167,2016-07-16,57585.597252,224.73440552,55.03478072902723,,,,,,validated_spectrum,
data/organized_spectra/TIC318707987/220383386S-hi57586.99105b.fits,TIC318707987,,,HIRES: High Resolution Echelle Spectrometer,3167,2016-07-17,57586.488333,207.77000427,30.18487440007813,,,,,,validated_spectrum,
data/organized_spectra/TIC318707987/220383386S-hi57586.99105i.fits,TIC318707987,,,HIRES: High Resolution Echelle Spectrometer,3167,2016-07-17,57586.488333,207.77000427,172.12982181406105,,,,,,validated_spectrum,
data/organized_spectra/TIC318707987/220383386S-hi57586.99105r.fits,TIC318707987,,,HIRES: High Resolution Echelle Spectrometer,3167,2016-07-17,57586.488333,207.77000427,48.272780153116955,,,,,,validated_spectrum,
data/organized_spectra/TIC318707987/220383386S-hi57586.99394b.fits,TIC318707987,,,HIRES: High Resolution Echelle Spectrometer,3167,2016-07-17,57586.491235,206.32919312,30.063707896335472,,,,,,validated_spectrum,
data/organized_spectra/TIC318707987/220383386S-hi57586.99394i.fits,TIC318707987,,,HIRES: High Resolution Echelle Spectrometer,3167,2016-07-17,57586.491235,206.32919312,170.4316495100068,,,,,,validated_spectrum,
data/organized_spectra/TIC318707987/220383386S-hi57586.99394r.fits,TIC318707987,,,HIRES: High Resolution Echelle Spectrometer,3167,2016-07-17,57586.491235,206.32919312,47.69769344100976,,,,,,validated_spectrum,
data/organized_spectra/TIC318707987/220383386S-hi57586.99684b.fits,TIC318707987,,,HIRES: High Resolution Echelle Spectrometer,3167,2016-07-17,57586.49411,209.38439941,30.13860291794179,,,,,,validated_spectrum,
data/organized_spectra/TIC318707987/220383386S-hi57586.99684i.fits,TIC318707987,,,HIRES: High Resolution Echelle Spectrometer,3167,2016-07-17,57586.49411,209.38439941,178.4488553565539,,,,,,validated_spectrum,
data/organized_spectra/TIC318707987/220383386S-hi57586.99684r.fits,TIC318707987,,,HIRES: High Resolution Echelle Spectrometer,3167,2016-07-17,57586.49411,209.38439941,49.51760610967334,,,,,,validated_spectrum,
data/organized_spectra/TIC318707987/220383386S-hi57587.09167b.fits,TIC318707987,,,HIRES: High Resolution Echelle Spectrometer,3167,2016-07-17,57586.588999,198.68000793,29.723260959330094,,,,,,validated_spectrum,
data/organized_spectra/TIC318707987/220383386S-hi57587.09167i.fits,TIC318707987,,,HIRES: High Resolution Echelle Spectrometer,3167,2016-07-17,57586.588999,198.68000793,165.38035479254765,,,,,,validated_spectrum,
data/organized_spectra/TIC318707987/220383386S-hi57587.09167r.fits,TIC318707987,,,HIRES: High Resolution Echelle Spectrometer,3167,2016-07-17,57586.588999,198.68000793,47.588257474077736,,,,,,validated_spectrum,
data/organized_spectra/TIC318707987/220383386S-hi57587.09448b.fits,TIC318707987,,,HIRES: High Resolution Echelle Spectrometer,3167,2016-07-17,57586.591785,198.63679504,29.747183736903985,,,,,,validated_spectrum,
data/organized_spectra/TIC318707987/220383386S-hi57587.09448i.fits,TIC318707987,,,HIRES: High Resolution Echelle Spectrometer,3167,2016-07-17,57586.591785,198.63679504,165.42925074413304,,,,,,validated_spectrum,
data/organized_spectra/TIC318707987/220383386S-hi57587.09448r.fits,TIC318707987,,,HIRES: High Resolution Echelle Spectrometer,3167,2016-07-17,57586.591785,198.63679504,48.746817633544,,,,,,validated_spectrum,
data/organized_spectra/TIC318707987/220383386S-hi57587.09726b.fits,TIC318707987,,,HIRES: High Resolution Echelle Spectrometer,3167,2016-07-17,57586.594587,199.29119873,29.87292446700317,,,,,,validated_spectrum,
data/organized_spectra/TIC318707987/220383386S-hi57587.09726i.fits,TIC318707987,,,HIRES: High Resolution Echelle Spectrometer,3167,2016-07-17,57586.594587,199.29119873,165.40205539529953,,,,,,validated_spectrum,
data/organized_spectra/TIC318707987/220383386S-hi57587.09726r.fits,TIC318707987,,,HIRES: High Resolution Echelle Spectrometer,3167,2016-07-17,57586.594587,199.29119873,47.571190125628696,,,,,,validated_spectrum,
data/organized_spectra/TIC318707987/220383386S-hi57587.98961b.fits,TIC318707987,,,HIRES: High Resolution Echelle Spectrometer,3167,2016-07-18,57587.486601,241.66239929,31.18799314690787,,,,,,validated_spectrum,
data/organized_spectra/TIC318707987/220383386S-hi57587.98961i.fits,TIC318707987,,,HIRES: High Resolution Echelle Spectrometer,3167,2016-07-18,57587.486601,241.66239929,181.96802885820355,,,,,,validated_spectrum,
data/organized_spectra/TIC318707987/220383386S-hi57587.98961r.fits,TIC318707987,,,HIRES: High Resolution Echelle Spectrometer,3167,2016-07-18,57587.486601,241.66239929,57.66417237727788,,,,,,validated_spectrum,
data/organized_spectra/TIC318707987/220383386S-hi57587.99288b.fits,TIC318707987,,,HIRES: High Resolution Echelle Spectrometer,3167,2016-07-18,57587.489901,237.102005,30.88764696351967,,,,,,validated_spectrum,
data/organized_spectra/TIC318707987/220383386S-hi57587.99288i.fits,TIC318707987,,,HIRES: High Resolution Echelle Spectrometer,3167,2016-07-18,57587.489901,237.102005,184.01161238431277,,,,,,validated_spectrum,
data/organized_spectra/TIC318707987/220383386S-hi57587.99288r.fits,TIC318707987,,,HIRES: High Resolution Echelle Spectrometer,3167,2016-07-18,57587.489901,237.102005,57.748114331189015,,,,,,validated_spectrum,
data/organized_spectra/TIC318707987/220383386S-hi57587.99615b.fits,TIC318707987,,,HIRES: High Resolution Echelle Spectrometer,3167,2016-07-18,57587.493133,243.01919556,30.91026934436387,,,,,,validated_spectrum,
data/organized_spectra/TIC318707987/220383386S-hi57587.99615i.fits,TIC318707987,,,HIRES: High Resolution Echelle Spectrometer,3167,2016-07-18,57587.493133,243.01919556,186.8623005675252,,,,,,validated_spectrum,
data/organized_spectra/TIC318707987/220383386S-hi57587.99615r.fits,TIC318707987,,,HIRES: High Resolution Echelle Spectrometer,3167,2016-07-18,57587.493133,243.01919556,56.828708022124786,,,,,,validated_spectrum,
data/organized_spectra/TIC318707987/220383386S-hi57588.10251b.fits,TIC318707987,,,HIRES: High Resolution Echelle Spectrometer,3167,2016-07-18,57587.599479,246.25559998,31.44268185834023,,,,,,validated_spectrum,
data/organized_spectra/TIC318707987/220383386S-hi57588.10251i.fits,TIC318707987,,,HIRES: High Resolution Echelle Spectrometer,3167,2016-07-18,57587.599479,246.25559998,181.58044502916977,,,,,,validated_spectrum,
data/organized_spectra/TIC318707987/220383386S-hi57588.10251r.fits,TIC318707987,,,HIRES: High Resolution Echelle Spectrometer,3167,2016-07-18,57587.599479,246.25559998,62.02182005608384,,,,,,validated_spectrum,
data/organized_spectra/TIC318707987/220383386S-hi57588.10570b.fits,TIC318707987,,,HIRES: High Resolution Echelle Spectrometer,3167,2016-07-18,57587.602829,217.11880493,30.519443209816263,,,,,,validated_spectrum,
data/organized_spectra/TIC318707987/220383386S-hi57588.10570i.fits,TIC318707987,,,HIRES: High Resolution Echelle Spectrometer,3167,2016-07-18,57587.602829,217.11880493,181.1352603269707,,,,,,validated_spectrum,
data/organized_spectra/TIC318707987/220383386S-hi57588.10570r.fits,TIC318707987,,,HIRES: High Resolution Echelle Spectrometer,3167,2016-07-18,57587.602829,217.11880493,54.02790732730643,,,,,,validated_spectrum,
data/organized_spectra/TIC318707987/220383386S-hi57588.10869b.fits,TIC318707987,,,HIRES: High Resolution Echelle Spectrometer,3167,2016-07-18,57587.605839,214.66918945,30.51078098975411,,,,,,validated_spectrum,
data/organized_spectra/TIC318707987/220383386S-hi57588.10869i.fits,TIC318707987,,,HIRES: High Resolution Echelle Spectrometer,3167,2016-07-18,57587.605839,214.66918945,179.79865670678296,,,,,,validated_spectrum,
data/organized_spectra/TIC318707987/220383386S-hi57588.10869r.fits,TIC318707987,,,HIRES: High Resolution Echelle Spectrometer,3167,2016-07-18,57587.605839,214.66918945,53.70914989073664,,,,,,validated_spectrum,
data/organized_spectra/TIC318707987/220383386S-hi57591.98521b.fits,TIC318707987,,,HIRES: High Resolution Echelle Spectrometer,3167,2016-07-22,57591.481612,280.68560791,30.727475570969016,,,,,,validated_spectrum,
data/organized_spectra/TIC318707987/220383386S-hi57591.98521i.fits,TIC318707987,,,HIRES: High Resolution Echelle Spectrometer,3167,2016-07-22,57591.481612,280.68560791,192.05797434466965,,,,,,validated_spectrum,
data/organized_spectra/TIC318707987/220383386S-hi57591.98521r.fits,TIC318707987,,,HIRES: High Resolution Echelle Spectrometer,3167,2016-07-22,57591.481612,280.68560791,57.19392073627944,,,,,,validated_spectrum,
data/organized_spectra/TIC318707987/220383386S-hi57591.98890b.fits,TIC318707987,,,HIRES: High Resolution Echelle Spectrometer,3167,2016-07-22,57591.485363,258.6867981,30.36077827822434,,,,,,validated_spectrum,
data/organized_spectra/TIC318707987/220383386S-hi57591.98890i.fits,TIC318707987,,,HIRES: High Resolution Echelle Spectrometer,3167,2016-07-22,57591.485363,258.6867981,185.63221165968255,,,,,,validated_spectrum,
data/organized_spectra/TIC318707987/220383386S-hi57591.98890r.fits,TIC318707987,,,HIRES: High Resolution Echelle Spectrometer,3167,2016-07-22,57591.485363,258.6867981,56.77803655645254,,,,,,validated_spectrum,
data/organized_spectra/TIC318707987/220383386S-hi57591.99236b.fits,TIC318707987,,,HIRES: High Resolution Echelle Spectrometer,3167,2016-07-22,57591.488862,260.52957153,30.619060321803214,,,,,,validated_spectrum,
data/organized_spectra/TIC318707987/220383386S-hi57591.99236i.fits,TIC318707987,,,HIRES: High Resolution Echelle Spectrometer,3167,2016-07-22,57591.488862,260.52957153,194.53090484431976,,,,,,validated_spectrum,
data/organized_spectra/TIC318707987/220383386S-hi57591.99236r.fits,TIC318707987,,,HIRES: High Resolution Echelle Spectrometer,3167,2016-07-22,57591.488862,260.52957153,56.601174945313424,,,,,,validated_spectrum,
data/organized_spectra/TIC318707987/220383386S-hi57592.12488b.fits,TIC318707987,,,HIRES: High Resolution Echelle Spectrometer,3167,2016-07-22,57591.621704,205.14399719,29.390451436548233,,,,,,validated_spectrum,
data/organized_spectra/TIC318707987/220383386S-hi57592.12488i.fits,TIC318707987,,,HIRES: High Resolution Echelle Spectrometer,3167,2016-07-22,57591.621704,205.14399719,172.35799392124508,,,,,,validated_spectrum,
data/organized_spectra/TIC318707987/220383386S-hi57592.12488r.fits,TIC318707987,,,HIRES: High Resolution Echelle Spectrometer,3167,2016-07-22,57591.621704,205.14399719,52.64086257078393,,,,,,validated_spectrum,
data/organized_spectra/TIC318707987/220383386S-hi57592.12770b.fits,TIC318707987,,,HIRES: High Resolution Echelle Spectrometer,3167,2016-07-22,57591.624588,191.95120239,29.546813061907955,,,,,,validated_spectrum,
data/organized_spectra/TIC318707987/220383386S-hi57592.12770i.fits,TIC318707987,,,HIRES: High Resolution Echelle Spectrometer,3167,2016-07-22,57591.624588,191.95120239,173.39791208630913,,,,,,validated_spectrum,
data/organized_spectra/TIC318707987/220383386S-hi57592.12770r.fits,TIC318707987,,,HIRES: High Resolution Echelle Spectrometer,3167,2016-07-22,57591.624588,191.95120239,53.52942782717854,,,,,,validated_spectrum,
data/organized_spectra/TIC318707987/220383386S-hi57592.13045b.fits,TIC318707987,,,HIRES: High Resolution Echelle Spectrometer,3167,2016-07-22,57591.627306,198.20120239,29.90522394435731,,,,,,validated_spectrum,
data/organized_spectra/TIC318707987/220383386S-hi57592.13045i.fits,TIC318707987,,,HIRES: High Resolution Echelle Spectrometer,3167,2016-07-22,57591.627306,198.20120239,171.62715393555382,,,,,,validated_spectrum,
data/organized_spectra/TIC318707987/220383386S-hi57592.13045r.fits,TIC318707987,,,HIRES: High Resolution Echelle Spectrometer,3167,2016-07-22,57591.627306,198.20120239,54.40737163011737,,,,,,validated_spectrum,
data/organized_spectra/TIC318707987/220383386S-hi57596.96794b.fits,TIC318707987,,,HIRES: High Resolution Echelle Spectrometer,ThAr2,2016-07-27,57596.462993,428.31997681,30.685762926286472,,,,,,validated_spectrum,
data/organized_spectra/TIC318707987/220383386S-hi57596.96794i.fits,TIC318707987,,,HIRES: High Resolution Echelle Spectrometer,ThAr2,2016-07-27,57596.462993,428.31997681,198.50756865488307,,,,,,validated_spectrum,
data/organized_spectra/TIC318707987/220383386S-hi57596.96794r.fits,TIC318707987,,,HIRES: High Resolution Echelle Spectrometer,ThAr2,2016-07-27,57596.462993,428.31997681,61.461380106507555,,,,,,validated_spectrum,
data/organized_spectra/TIC318707987/220383386S-hi57596.97350b.fits,TIC318707987,,,HIRES: High Resolution Echelle Spectrometer,ThAr2,2016-07-27,57596.468462,445.4367981,31.06387028033691,,,,,,validated_spectrum,
data/organized_spectra/TIC318707987/220383386S-hi57596.97350i.fits,TIC318707987,,,HIRES: High Resolution Echelle Spectrometer,ThAr2,2016-07-27,57596.468462,445.4367981,195.62735576025483,,,,,,validated_spectrum,
data/organized_spectra/TIC318707987/220383386S-hi57596.97350r.fits,TIC318707987,,,HIRES: High Resolution Echelle Spectrometer,ThAr2,2016-07-27,57596.468462,445.4367981,60.56920558628974,,,,,,validated_spectrum,
data/organized_spectra/TIC318707987/220383386S-hi57596.97937b.fits,TIC318707987,,,HIRES: High Resolution Echelle Spectrometer,ThAr2,2016-07-27,57596.474124,515.50720215,31.47762341504541,,,,,,validated_spectrum,
data/organized_spectra/TIC318707987/220383386S-hi57596.97937i.fits,TIC318707987,,,HIRES: High Resolution Echelle Spectrometer,ThAr2,2016-07-27,57596.474124,515.50720215,193.6771328017033,,,,,,validated_spectrum,
data/organized_spectra/TIC318707987/220383386S-hi57596.97937r.fits,TIC318707987,,,HIRES: High Resolution Echelle Spectrometer,ThAr2,2016-07-27,57596.474124,515.50720215,60.59692874876907,,,,,,validated_spectrum,
data/organized_spectra/TIC318707987/220383386S-hi57597.11430b.fits,TIC318707987,,,HIRES: High Resolution Echelle Spectrometer,ThAr2,2016-07-27,57596.609357,500.12319946,28.79096870476133,,,,,,validated_spectrum,
data/organized_spectra/TIC318707987/220383386S-hi57597.11430i.fits,TIC318707987,,,HIRES: High Resolution Echelle Spectrometer,ThAr2,2016-07-27,57596.609357,500.12319946,151.77511782208842,,,,,,validated_spectrum,
data/organized_spectra/TIC318707987/220383386S-hi57597.11430r.fits,TIC318707987,,,HIRES: High Resolution Echelle Spectrometer,ThAr2,2016-07-27,57596.609357,500.12319946,60.7594787697541,,,,,,validated_spectrum,
data/organized_spectra/TIC318707987/220383386S-hi57597.12110b.fits,TIC318707987,,,HIRES: High Resolution Echelle Spectrometer,ThAr2,2016-07-27,57596.615653,500.15362549,28.759298141186104,,,,,,validated_spectrum,
data/organized_spectra/TIC318707987/220383386S-hi57597.12110i.fits,TIC318707987,,,HIRES: High Resolution Echelle Spectrometer,ThAr2,2016-07-27,57596.615653,500.15362549,154.2314797036703,,,,,,validated_spectrum,
data/organized_spectra/TIC318707987/220383386S-hi57597.12110r.fits,TIC318707987,,,HIRES: High Resolution Echelle Spectrometer,ThAr2,2016-07-27,57596.615653,500.15362549,61.15881562393645,,,,,,validated_spectrum,
data/organized_spectra/TIC318707987/220383386S-hi57597.12755b.fits,TIC318707987,,,HIRES: High Resolution Echelle Spectrometer,ThAr2,2016-07-27,57596.621939,500.13720703,27.542584188829284,,,,,,validated_spectrum,
data/organized_spectra/TIC318707987/220383386S-hi57597.12755i.fits,TIC318707987,,,HIRES: High Resolution Echelle Spectrometer,ThAr2,2016-07-27,57596.621939,500.13720703,137.2812656128306,,,,,,validated_spectrum,
data/organized_spectra/TIC318707987/220383386S-hi57597.12755r.fits,TIC318707987,,,HIRES: High Resolution Echelle Spectrometer,ThAr2,2016-07-27,57596.621939,500.13720703,59.05998431676326,,,,,,validated_spectrum,
data/organized_spectra/TIC318707987/220383386S-hi57597.96798b.fits,TIC318707987,,,HIRES: High Resolution Echelle Spectrometer,ThAr2,2016-07-28,57597.462778,432.38717651,31.27932626313489,,,,,,validated_spectrum,
data/organized_spectra/TIC318707987/220383386S-hi57597.96798i.fits,TIC318707987,,,HIRES: High Resolution Echelle Spectrometer,ThAr2,2016-07-28,57597.462778,432.38717651,193.5080257547072,,,,,,validated_spectrum,
data/organized_spectra/TIC318707987/220383386S-hi57597.96798r.fits,TIC318707987,,,HIRES: High Resolution Echelle Spectrometer,ThAr2,2016-07-28,57597.462778,432.38717651,62.16149748720318,,,,,,validated_spectrum,
data/organized_spectra/TIC318707987/220383386S-hi57597.97342b.fits,TIC318707987,,,HIRES: High Resolution Echelle Spectrometer,ThAr2,2016-07-28,57597.468293,449.90441895,31.126928757917756,,,,,,validated_spectrum,
data/organized_spectra/TIC318707987/220383386S-hi57597.97342i.fits,TIC318707987,,,HIRES: High Resolution Echelle Spectrometer,ThAr2,2016-07-28,57597.468293,449.90441895,200.1298469747688,,,,,,validated_spectrum,
data/organized_spectra/TIC318707987/220383386S-hi57597.97342r.fits,TIC318707987,,,HIRES: High Resolution Echelle Spectrometer,ThAr2,2016-07-28,57597.468293,449.90441895,61.55379397177441,,,,,,validated_spectrum,
data/organized_spectra/TIC318707987/220383386S-hi57597.97908b.fits,TIC318707987,,,HIRES: High Resolution Echelle Spectrometer,ThAr2,2016-07-28,57597.474003,426.57159424,31.5882000750728,,,,,,validated_spectrum,
data/organized_spectra/TIC318707987/220383386S-hi57597.97908i.fits,TIC318707987,,,HIRES: High Resolution Echelle Spectrometer,ThAr2,2016-07-28,57597.474003,426.57159424,202.10117120791983,,,,,,validated_spectrum,
data/organized_spectra/TIC318707987/220383386S-hi57597.97908r.fits,TIC318707987,,,HIRES: High Resolution Echelle Spectrometer,ThAr2,2016-07-28,57597.474003,426.57159424,62.07481333353623,,,,,,validated_spectrum,
data/organized_spectra/TIC318707987/220383386S-hi57598.10820b.fits,TIC318707987,,,HIRES: High Resolution Echelle Spectrometer,ThAr2,2016-07-28,57597.602887,500.10400391,30.939429153355483,,,,,,validated_spectrum,
data/organized_spectra/TIC318707987/220383386S-hi57598.10820i.fits,TIC318707987,,,HIRES: High Resolution Echelle Spectrometer,ThAr2,2016-07-28,57597.602887,500.10400391,192.96731924421948,,,,,,validated_spectrum,
data/organized_spectra/TIC318707987/220383386S-hi57598.10820r.fits,TIC318707987,,,HIRES: High Resolution Echelle Spectrometer,ThAr2,2016-07-28,57597.602887,500.10400391,62.75490999899975,,,,,,validated_spectrum,
data/organized_spectra/TIC318707987/220383386S-hi57598.11474b.fits,TIC318707987,,,HIRES: High Resolution Echelle Spectrometer,ThAr2,2016-07-28,57597.609175,464.88122559,31.208825365976935,,,,,,validated_spectrum,
data/organized_spectra/TIC318707987/220383386S-hi57598.11474i.fits,TIC318707987,,,HIRES: High Resolution Echelle Spectrometer,ThAr2,2016-07-28,57597.609175,464.88122559,200.0851745042535,,,,,,validated_spectrum,
data/organized_spectra/TIC318707987/220383386S-hi57598.11474r.fits,TIC318707987,,,HIRES: High Resolution Echelle Spectrometer,ThAr2,2016-07-28,57597.609175,464.88122559,62.700434455639254,,,,,,validated_spectrum,
data/organized_spectra/TIC318707987/220383386S-hi57598.12001b.fits,TIC318707987,,,HIRES: High Resolution Echelle Spectrometer,ThAr2,2016-07-28,57597.61506,447.21240234,31.351372169054095,,,,,,validated_spectrum,
data/organized_spectra/TIC318707987/220383386S-hi57598.12001i.fits,TIC318707987,,,HIRES: High Resolution Echelle Spectrometer,ThAr2,2016-07-28,57597.61506,447.21240234,204.89638909174613,,,,,,validated_spectrum,
data/organized_spectra/TIC318707987/220383386S-hi57598.12001r.fits,TIC318707987,,,HIRES: High Resolution Echelle Spectrometer,ThAr2,2016-07-28,57597.61506,447.21240234,62.902561095767695,,,,,,validated_spectrum,
data/organized_spectra/TIC318707987/220383386S-hi57598.98439b.fits,TIC318707987,,,HIRES: High Resolution Echelle Spectrometer,ThAr2,2016-07-29,57598.480184,272.63638306,31.296472332166942,,,,,,validated_spectrum,
data/organized_spectra/TIC318707987/220383386S-hi57598.98439i.fits,TIC318707987,,,HIRES: High Resolution Echelle Spectrometer,ThAr2,2016-07-29,57598.480184,272.63638306,194.45053868857903,,,,,,validated_spectrum,
data/organized_spectra/TIC318707987/220383386S-hi57598.98439r.fits,TIC318707987,,,HIRES: High Resolution Echelle Spectrometer,ThAr2,2016-07-29,57598.480184,272.63638306,59.78045134451127,,,,,,validated_spectrum,
data/organized_spectra/TIC318707987/220383386S-hi57598.98794b.fits,TIC318707987,,,HIRES: High Resolution Echelle Spectrometer,ThAr2,2016-07-29,57598.483834,265.09561157,31.34086084906799,,,,,,validated_spectrum,
data/organized_spectra/TIC318707987/220383386S-hi57598.98794i.fits,TIC318707987,,,HIRES: High Resolution Echelle Spectrometer,ThAr2,2016-07-29,57598.483834,265.09561157,198.7166354626482,,,,,,validated_spectrum,
data/organized_spectra/TIC318707987/220383386S-hi57598.98794r.fits,TIC318707987,,,HIRES: High Resolution Echelle Spectrometer,ThAr2,2016-07-29,57598.483834,265.09561157,59.42572582706862,,,,,,validated_spectrum,
data/organized_spectra/TIC318707987/220383386S-hi57598.99152b.fits,TIC318707987,,,HIRES: High Resolution Echelle Spectrometer,ThAr2,2016-07-29,57598.487396,263.03637695,31.3974790679489,,,,,,validated_spectrum,
data/organized_spectra/TIC318707987/220383386S-hi57598.99152i.fits,TIC318707987,,,HIRES: High Resolution Echelle Spectrometer,ThAr2,2016-07-29,57598.487396,263.03637695,195.21343387201696,,,,,,validated_spectrum,
data/organized_spectra/TIC318707987/220383386S-hi57598.99152r.fits,TIC318707987,,,HIRES: High Resolution Echelle Spectrometer,ThAr2,2016-07-29,57598.487396,263.03637695,59.499729851736824,,,,,,validated_spectrum,
data/organized_spectra/TIC318707987/220383386S-hi57599.11110b.fits,TIC318707987,,,HIRES: High Resolution Echelle Spectrometer,ThAr2,2016-07-29,57598.607051,248.10159302,30.698688273551426,,,,,,validated_spectrum,
data/organized_spectra/TIC318707987/220383386S-hi57599.11110i.fits,TIC318707987,,,HIRES: High Resolution Echelle Spectrometer,ThAr2,2016-07-29,57598.607051,248.10159302,189.16777580076,,,,,,validated_spectrum,
data/organized_spectra/TIC318707987/220383386S-hi57599.11110r.fits,TIC318707987,,,HIRES: High Resolution Echelle Spectrometer,ThAr2,2016-07-29,57598.607051,248.10159302,55.59485338349629,,,,,,validated_spectrum,
data/organized_spectra/TIC318707987/220383386S-hi57599.11471b.fits,TIC318707987,,,HIRES: High Resolution Echelle Spectrometer,ThAr2,2016-07-29,57598.610439,277.26879883,30.962714693602827,,,,,,validated_spectrum,
data/organized_spectra/TIC318707987/220383386S-hi57599.11471i.fits,TIC318707987,,,HIRES: High Resolution Echelle Spectrometer,ThAr2,2016-07-29,57598.610439,277.26879883,195.98602604824015,,,,,,validated_spectrum,
data/organized_spectra/TIC318707987/220383386S-hi57599.11471r.fits,TIC318707987,,,HIRES: High Resolution Echelle Spectrometer,ThAr2,2016-07-29,57598.610439,277.26879883,58.79988128316154,,,,,,validated_spectrum,
data/organized_spectra/TIC318707987/220383386S-hi57599.11833b.fits,TIC318707987,,,HIRES: High Resolution Echelle Spectrometer,ThAr2,2016-07-29,57598.614152,266.6696167,30.982214590979872,,,,,,validated_spectrum,
data/organized_spectra/TIC318707987/220383386S-hi57599.11833i.fits,TIC318707987,,,HIRES: High Resolution Echelle Spectrometer,ThAr2,2016-07-29,57598.614152,266.6696167,189.3929292391497,,,,,,validated_spectrum,
data/organized_spectra/TIC318707987/220383386S-hi57599.11833r.fits,TIC318707987,,,HIRES: High Resolution Echelle Spectrometer,ThAr2,2016-07-29,57598.614152,266.6696167,57.37751237039731,,,,,,validated_spectrum,
data/organized_spectra/TIC318707987/220383386S-hi57599.97246b.fits,TIC318707987,,,HIRES: High Resolution Echelle Spectrometer,ThAr2,2016-07-30,57599.468245,265.72799683,31.51627623251032,,,,,,validated_spectrum,
data/organized_spectra/TIC318707987/220383386S-hi57599.97246i.fits,TIC318707987,,,HIRES: High Resolution Echelle Spectrometer,ThAr2,2016-07-30,57599.468245,265.72799683,188.82920165566344,,,,,,validated_spectrum,
data/organized_spectra/TIC318707987/220383386S-hi57599.97246r.fits,TIC318707987,,,HIRES: High Resolution Echelle Spectrometer,ThAr2,2016-07-30,57599.468245,265.72799683,60.54431554799622,,,,,,validated_spectrum,
data/organized_spectra/TIC318707987/220383386S-hi57599.97600b.fits,TIC318707987,,,HIRES: High Resolution Echelle Spectrometer,ThAr2,2016-07-30,57599.471823,254.24079895,31.136744954549023,,,,,,validated_spectrum,
data/organized_spectra/TIC318707987/220383386S-hi57599.97600i.fits,TIC318707987,,,HIRES: High Resolution Echelle Spectrometer,ThAr2,2016-07-30,57599.471823,254.24079895,191.2956103943293,,,,,,validated_spectrum,
data/organized_spectra/TIC318707987/220383386S-hi57599.97600r.fits,TIC318707987,,,HIRES: High Resolution Echelle Spectrometer,ThAr2,2016-07-30,57599.471823,254.24079895,58.58681548619121,,,,,,validated_spectrum,
data/organized_spectra/TIC318707987/220383386S-hi57599.97938b.fits,TIC318707987,,,HIRES: High Resolution Echelle Spectrometer,ThAr2,2016-07-30,57599.475279,240.57679749,30.978783164436884,,,,,,validated_spectrum,
data/organized_spectra/TIC318707987/220383386S-hi57599.97938i.fits,TIC318707987,,,HIRES: High Resolution Echelle Spectrometer,ThAr2,2016-07-30,57599.475279,240.57679749,184.6658163509867,,,,,,validated_spectrum,
data/organized_spectra/TIC318707987/220383386S-hi57599.97938r.fits,TIC318707987,,,HIRES: High Resolution Echelle Spectrometer,ThAr2,2016-07-30,57599.475279,240.57679749,57.226735703004834,,,,,,validated_spectrum,
data/organized_spectra/TIC318707987/220383386S-hi57600.97267b.fits,TIC318707987,,,HIRES: High Resolution Echelle Spectrometer,ThAr2,2016-07-31,57600.46794,326.92120361,31.603729956675433,,,,,,validated_spectrum,
data/organized_spectra/TIC318707987/220383386S-hi57600.97267i.fits,TIC318707987,,,HIRES: High Resolution Echelle Spectrometer,ThAr2,2016-07-31,57600.46794,326.92120361,193.94271830948577,,,,,,validated_spectrum,
data/organized_spectra/TIC318707987/220383386S-hi57600.97267r.fits,TIC318707987,,,HIRES: High Resolution Echelle Spectrometer,ThAr2,2016-07-31,57600.46794,326.92120361,61.35997521145637,,,,,,validated_spectrum,
data/organized_spectra/TIC318707987/220383386S-hi57600.97672b.fits,TIC318707987,,,HIRES: High Resolution Echelle Spectrometer,ThAr2,2016-07-31,57600.472226,298.83599854,31.20963745666987,,,,,,validated_spectrum,
data/organized_spectra/TIC318707987/220383386S-hi57600.97672i.fits,TIC318707987,,,HIRES: High Resolution Echelle Spectrometer,ThAr2,2016-07-31,57600.472226,298.83599854,193.88940111024468,,,,,,validated_spectrum,
data/organized_spectra/TIC318707987/220383386S-hi57600.97672r.fits,TIC318707987,,,HIRES: High Resolution Echelle Spectrometer,ThAr2,2016-07-31,57600.472226,298.83599854,60.90122729427837,,,,,,validated_spectrum,
data/organized_spectra/TIC318707987/220383386S-hi57600.98083b.fits,TIC318707987,,,HIRES: High Resolution Echelle Spectrometer,ThAr2,2016-07-31,57600.476194,316.14761353,31.43200361733809,,,,,,validated_spectrum,
data/organized_spectra/TIC318707987/220383386S-hi57600.98083i.fits,TIC318707987,,,HIRES: High Resolution Echelle Spectrometer,ThAr2,2016-07-31,57600.476194,316.14761353,192.4057135997763,,,,,,validated_spectrum,
data/organized_spectra/TIC318707987/220383386S-hi57600.98083r.fits,TIC318707987,,,HIRES: High Resolution Echelle Spectrometer,ThAr2,2016-07-31,57600.476194,316.14761353,62.52597166231776,,,,,,validated_spectrum,
data/organized_spectra/TIC318707987/220383386S-hi57601.11709b.fits,TIC318707987,,,HIRES: High Resolution Echelle Spectrometer,ThAr2,2016-07-31,57600.612273,344.2527771,31.49781977214372,,,,,,validated_spectrum,
data/organized_spectra/TIC318707987/220383386S-hi57601.11709i.fits,TIC318707987,,,HIRES: High Resolution Echelle Spectrometer,ThAr2,2016-07-31,57600.612273,344.2527771,190.16811709635695,,,,,,validated_spectrum,
data/organized_spectra/TIC318707987/220383386S-hi57601.11709r.fits,TIC318707987,,,HIRES: High Resolution Echelle Spectrometer,ThAr2,2016-07-31,57600.612273,344.2527771,62.725763489929776,,,,,,validated_spectrum,
data/organized_spectra/TIC318707987/220383386S-hi57601.12183b.fits,TIC318707987,,,HIRES: High Resolution Echelle Spectrometer,ThAr2,2016-07-31,57600.616771,392.95278931,31.46627509279576,,,,,,validated_spectrum,
data/organized_spectra/TIC318707987/220383386S-hi57601.12183i.fits,TIC318707987,,,HIRES: High Resolution Echelle Spectrometer,ThAr2,2016-07-31,57600.616771,392.95278931,193.55016563107455,,,,,,validated_spectrum,
data/organized_spectra/TIC318707987/220383386S-hi57601.12183r.fits,TIC318707987,,,HIRES: High Resolution Echelle Spectrometer,ThAr2,2016-07-31,57600.616771,392.95278931,63.828844320468825,,,,,,validated_spectrum,
data/organized_spectra/TIC318707987/220383386S-hi57601.12715b.fits,TIC318707987,,,HIRES: High Resolution Echelle Spectrometer,ThAr2,2016-07-31,57600.621835,419.71520996,31.476357251288064,,,,,,validated_spectrum,
data/organized_spectra/TIC318707987/220383386S-hi57601.12715i.fits,TIC318707987,,,HIRES: High Resolution Echelle Spectrometer,ThAr2,2016-07-31,57600.621835,419.71520996,194.04940053019652,,,,,,validated_spectrum,
data/organized_spectra/TIC318707987/220383386S-hi57601.12715r.fits,TIC318707987,,,HIRES: High Resolution Echelle Spectrometer,ThAr2,2016-07-31,57600.621835,419.71520996,62.68959412241024,,,,,,validated_spectrum,
data/organized_spectra/TIC318707987/220383386S-hi57602.02774b.fits,TIC318707987,,,HIRES: High Resolution Echelle Spectrometer,3167,2016-08-01,57601.523128,299.0368042,30.980650010727217,,,,,,validated_spectrum,
data/organized_spectra/TIC318707987/220383386S-hi57602.02774i.fits,TIC318707987,,,HIRES: High Resolution Echelle Spectrometer,3167,2016-08-01,57601.523128,299.0368042,185.40013661640188,,,,,,validated_spectrum,
data/organized_spectra/TIC318707987/220383386S-hi57602.02774r.fits,TIC318707987,,,HIRES: High Resolution Echelle Spectrometer,3167,2016-08-01,57601.523128,299.0368042,57.691626662611675,,,,,,validated_spectrum,
data/organized_spectra/TIC318707987/220383386S-hi57602.03171b.fits,TIC318707987,,,HIRES: High Resolution Echelle Spectrometer,3167,2016-08-01,57601.527106,298.36398315,31.027152473449632,,,,,,validated_spectrum,
data/organized_spectra/TIC318707987/220383386S-hi57602.03171i.fits,TIC318707987,,,HIRES: High Resolution Echelle Spectrometer,3167,2016-08-01,57601.527106,298.36398315,185.78525326736985,,,,,,validated_spectrum,
data/organized_spectra/TIC318707987/220383386S-hi57602.03171r.fits,TIC318707987,,,HIRES: High Resolution Echelle Spectrometer,3167,2016-08-01,57601.527106,298.36398315,57.96356185091331,,,,,,validated_spectrum,
data/organized_spectra/TIC318707987/220383386S-hi57602.03556b.fits,TIC318707987,,,HIRES: High Resolution Echelle Spectrometer,3167,2016-08-01,57601.531073,277.7355957,30.393664503030777,,,,,,validated_spectrum,
data/organized_spectra/TIC318707987/220383386S-hi57602.03556i.fits,TIC318707987,,,HIRES: High Resolution Echelle Spectrometer,3167,2016-08-01,57601.531073,277.7355957,180.76290317042023,,,,,,validated_spectrum,
data/organized_spectra/TIC318707987/220383386S-hi57602.03556r.fits,TIC318707987,,,HIRES: High Resolution Echelle Spectrometer,3167,2016-08-01,57601.531073,277.7355957,56.949301171312214,,,,,,validated_spectrum,
data/organized_spectra/TIC318707987/220383386S-hi57612.91569b.fits,TIC318707987,,,HIRES: High Resolution Echelle Spectrometer,3167,2016-08-12,57612.410325,283.33758545,30.6883717290468,,,,,,validated_spectrum,
data/organized_spectra/TIC318707987/220383386S-hi57612.91569i.fits,TIC318707987,,,HIRES: High Resolution Echelle Spectrometer,3167,2016-08-12,57612.410325,283.33758545,179.62302259089066,,,,,,validated_spectrum,
data/organized_spectra/TIC318707987/220383386S-hi57612.91569r.fits,TIC318707987,,,HIRES: High Resolution Echelle Spectrometer,3167,2016-08-12,57612.410325,283.33758545,56.03007611443435,,,,,,validated_spectrum,
data/organized_spectra/TIC318707987/220383386S-hi57612.91956b.fits,TIC318707987,,,HIRES: High Resolution Echelle Spectrometer,3167,2016-08-12,57612.414119,286.38439941,30.657143486336835,,,,,,validated_spectrum,
data/organized_spectra/TIC318707987/220383386S-hi57612.91956i.fits,TIC318707987,,,HIRES: High Resolution Echelle Spectrometer,3167,2016-08-12,57612.414119,286.38439941,185.9307285941308,,,,,,validated_spectrum,
data/organized_spectra/TIC318707987/220383386S-hi57612.91956r.fits,TIC318707987,,,HIRES: High Resolution Echelle Spectrometer,3167,2016-08-12,57612.414119,286.38439941,57.54931124285254,,,,,,validated_spectrum,
data/organized_spectra/TIC318707987/220383386S-hi57612.92336b.fits,TIC318707987,,,HIRES: High Resolution Echelle Spectrometer,3167,2016-08-12,57612.417944,323.00317383,30.842601464120456,,,,,,validated_spectrum,
data/organized_spectra/TIC318707987/220383386S-hi57612.92336i.fits,TIC318707987,,,HIRES: High Resolution Echelle Spectrometer,3167,2016-08-12,57612.417944,323.00317383,184.0792276963037,,,,,,validated_spectrum,
data/organized_spectra/TIC318707987/220383386S-hi57612.92336r.fits,TIC318707987,,,HIRES: High Resolution Echelle Spectrometer,3167,2016-08-12,57612.417944,323.00317383,59.50058394984835,,,,,,validated_spectrum,
data/organized_spectra/TIC318707987/220383386S-hi57613.95149b.fits,TIC318707987,,,HIRES: High Resolution Echelle Spectrometer,3167,2016-08-13,57613.446376,230.4203949,30.85300124453111,,,,,,validated_spectrum,
data/organized_spectra/TIC318707987/220383386S-hi57613.95149i.fits,TIC318707987,,,HIRES: High Resolution Echelle Spectrometer,3167,2016-08-13,57613.446376,230.4203949,179.3960857158063,,,,,,validated_spectrum,
data/organized_spectra/TIC318707987/220383386S-hi57613.95149r.fits,TIC318707987,,,HIRES: High Resolution Echelle Spectrometer,3167,2016-08-13,57613.446376,230.4203949,55.46970542616987,,,,,,validated_spectrum,
data/organized_spectra/TIC318707987/220383386S-hi57613.95475b.fits,TIC318707987,,,HIRES: High Resolution Echelle Spectrometer,3167,2016-08-13,57613.44956,236.85079956,30.676260620475652,,,,,,validated_spectrum,
data/organized_spectra/TIC318707987/220383386S-hi57613.95475i.fits,TIC318707987,,,HIRES: High Resolution Echelle Spectrometer,3167,2016-08-13,57613.44956,236.85079956,185.26345738186257,,,,,,validated_spectrum,
data/organized_spectra/TIC318707987/220383386S-hi57613.95475r.fits,TIC318707987,,,HIRES: High Resolution Echelle Spectrometer,3167,2016-08-13,57613.44956,236.85079956,56.26708823533601,,,,,,validated_spectrum,
data/organized_spectra/TIC318707987/220383386S-hi57613.95794b.fits,TIC318707987,,,HIRES: High Resolution Echelle Spectrometer,3167,2016-08-13,57613.452804,238.71240234,30.040424840754007,,,,,,validated_spectrum,
data/organized_spectra/TIC318707987/220383386S-hi57613.95794i.fits,TIC318707987,,,HIRES: High Resolution Echelle Spectrometer,3167,2016-08-13,57613.452804,238.71240234,183.2607478172224,,,,,,validated_spectrum,
data/organized_spectra/TIC318707987/220383386S-hi57613.95794r.fits,TIC318707987,,,HIRES: High Resolution Echelle Spectrometer,3167,2016-08-13,57613.452804,238.71240234,56.04221418146156,,,,,,validated_spectrum,
data/organized_spectra/TIC318707987/220383386S-hi57614.11996b.fits,TIC318707987,,,HIRES: High Resolution Echelle Spectrometer,3167,2016-08-13,57613.614807,226.09519958,29.708980830765395,,,,,,validated_spectrum,
data/organized_spectra/TIC318707987/220383386S-hi57614.11996i.fits,TIC318707987,,,HIRES: High Resolution Echelle Spectrometer,3167,2016-08-13,57613.614807,226.09519958,168.78444586196605,,,,,,validated_spectrum,
data/organized_spectra/TIC318707987/220383386S-hi57614.11996r.fits,TIC318707987,,,HIRES: High Resolution Echelle Spectrometer,3167,2016-08-13,57613.614807,226.09519958,50.72931884836733,,,,,,validated_spectrum,
data/organized_spectra/TIC318707987/220383386S-hi57614.12308b.fits,TIC318707987,,,HIRES: High Resolution Echelle Spectrometer,3167,2016-08-13,57613.617921,230.36920166,29.925140562475537,,,,,,validated_spectrum,
data/organized_spectra/TIC318707987/220383386S-hi57614.12308i.fits,TIC318707987,,,HIRES: High Resolution Echelle Spectrometer,3167,2016-08-13,57613.617921,230.36920166,163.98510950204886,,,,,,validated_spectrum,
data/organized_spectra/TIC318707987/220383386S-hi57614.12308r.fits,TIC318707987,,,HIRES: High Resolution Echelle Spectrometer,3167,2016-08-13,57613.617921,230.36920166,51.0983829671343,,,,,,validated_spectrum,
data/organized_spectra/TIC318707987/220383386S-hi57614.12622b.fits,TIC318707987,,,HIRES: High Resolution Echelle Spectrometer,3167,2016-08-13,57613.621087,224.7355957,30.629263162788416,,,,,,validated_spectrum,
data/organized_spectra/TIC318707987/220383386S-hi57614.12622i.fits,TIC318707987,,,HIRES: High Resolution Echelle Spectrometer,3167,2016-08-13,57613.621087,224.7355957,170.85893846741922,,,,,,validated_spectrum,
data/organized_spectra/TIC318707987/220383386S-hi57614.12622r.fits,TIC318707987,,,HIRES: High Resolution Echelle Spectrometer,3167,2016-08-13,57613.621087,224.7355957,52.893848978677305,,,,,,validated_spectrum,
data/organized_spectra/TIC318707987/220383386S-hi57615.90651b.fits,TIC318707987,,,HIRES: High Resolution Echelle Spectrometer,3167,2016-08-15,57615.400915,284.80117798,31.30713288084769,,,,,,validated_spectrum,
data/organized_spectra/TIC318707987/220383386S-hi57615.90651i.fits,TIC318707987,,,HIRES: High Resolution Echelle Spectrometer,3167,2016-08-15,57615.400915,284.80117798,181.3864380914721,,,,,,validated_spectrum,
data/organized_spectra/TIC318707987/220383386S-hi57615.90651r.fits,TIC318707987,,,HIRES: High Resolution Echelle Spectrometer,3167,2016-08-15,57615.400915,284.80117798,61.372424841813185,,,,,,validated_spectrum,
data/organized_spectra/TIC318707987/220383386S-hi57615.91025b.fits,TIC318707987,,,HIRES: High Resolution Echelle Spectrometer,3167,2016-08-15,57615.40471,279.418396,31.112517759691592,,,,,,validated_spectrum,
data/organized_spectra/TIC318707987/220383386S-hi57615.91025i.fits,TIC318707987,,,HIRES: High Resolution Echelle Spectrometer,3167,2016-08-15,57615.40471,279.418396,187.3844123105855,,,,,,validated_spectrum,
data/organized_spectra/TIC318707987/220383386S-hi57615.91025r.fits,TIC318707987,,,HIRES: High Resolution Echelle Spectrometer,3167,2016-08-15,57615.40471,279.418396,59.62274883525837,,,,,,validated_spectrum,
data/organized_spectra/TIC318707987/220383386S-hi57615.91409b.fits,TIC318707987,,,HIRES: High Resolution Echelle Spectrometer,3167,2016-08-15,57615.408436,288.73797607,31.93388568951432,,,,,,validated_spectrum,
data/organized_spectra/TIC318707987/220383386S-hi57615.91409i.fits,TIC318707987,,,HIRES: High Resolution Echelle Spectrometer,3167,2016-08-15,57615.408436,288.73797607,186.00311932454144,,,,,,validated_spectrum,
data/organized_spectra/TIC318707987/220383386S-hi57615.91409r.fits,TIC318707987,,,HIRES: High Resolution Echelle Spectrometer,3167,2016-08-15,57615.408436,288.73797607,61.73758590563513,,,,,,validated_spectrum,
data/organized_spectra/TIC318707987/220383386S-hi57616.90741b.fits,TIC318707987,,,HIRES: High Resolution Echelle Spectrometer,3167,2016-08-16,57616.401594,312.55322266,31.5897538752964,,,,,,validated_spectrum,
data/organized_spectra/TIC318707987/220383386S-hi57616.90741i.fits,TIC318707987,,,HIRES: High Resolution Echelle Spectrometer,3167,2016-08-16,57616.401594,312.55322266,184.58224357379535,,,,,,validated_spectrum,
data/organized_spectra/TIC318707987/220383386S-hi57616.90741r.fits,TIC318707987,,,HIRES: High Resolution Echelle Spectrometer,3167,2016-08-16,57616.401594,312.55322266,62.16616896602183,,,,,,validated_spectrum,
data/organized_spectra/TIC318707987/220383386S-hi57616.91138b.fits,TIC318707987,,,HIRES: High Resolution Echelle Spectrometer,3167,2016-08-16,57616.405709,277.84558105,30.70951803389153,,,,,,validated_spectrum,
data/organized_spectra/TIC318707987/220383386S-hi57616.91138i.fits,TIC318707987,,,HIRES: High Resolution Echelle Spectrometer,3167,2016-08-16,57616.405709,277.84558105,182.10777054845832,,,,,,validated_spectrum,
data/organized_spectra/TIC318707987/220383386S-hi57616.91138r.fits,TIC318707987,,,HIRES: High Resolution Echelle Spectrometer,3167,2016-08-16,57616.405709,277.84558105,58.53089010147448,,,,,,validated_spectrum,
data/organized_spectra/TIC318707987/220383386S-hi57616.91507b.fits,TIC318707987,,,HIRES: High Resolution Echelle Spectrometer,3167,2016-08-16,57616.409564,254.89720154,30.373019326491253,,,,,,validated_spectrum,
data/organized_spectra/TIC318707987/220383386S-hi57616.91507i.fits,TIC318707987,,,HIRES: High Resolution Echelle Spectrometer,3167,2016-08-16,57616.409564,254.89720154,181.77419847352272,,,,,,validated_spectrum,
data/organized_spectra/TIC318707987/220383386S-hi57616.91507r.fits,TIC318707987,,,HIRES: High Resolution Echelle Spectrometer,3167,2016-08-16,57616.409564,254.89720154,55.7675530310452,,,,,,validated_spectrum,
data/organized_spectra/TIC318707987/220383386S-hi57617.90146b.fits,TIC318707987,,,HIRES: High Resolution Echelle Spectrometer,3167,2016-08-17,57617.395708,277.3868103,30.650681436110233,,,,,,validated_spectrum,
data/organized_spectra/TIC318707987/220383386S-hi57617.90146i.fits,TIC318707987,,,HIRES: High Resolution Echelle Spectrometer,3167,2016-08-17,57617.395708,277.3868103,186.1285881557284,,,,,,validated_spectrum,
data/organized_spectra/TIC318707987/220383386S-hi57617.90146r.fits,TIC318707987,,,HIRES: High Resolution Echelle Spectrometer,3167,2016-08-17,57617.395708,277.3868103,57.41934529851694,,,,,,validated_spectrum,
data/organized_spectra/TIC318707987/220383386S-hi57617.90484b.fits,TIC318707987,,,HIRES: High Resolution Echelle Spectrometer,3167,2016-08-17,57617.399418,228.10159302,30.391534608170392,,,,,,validated_spectrum,
data/organized_spectra/TIC318707987/220383386S-hi57617.90484i.fits,TIC318707987,,,HIRES: High Resolution Echelle Spectrometer,3167,2016-08-17,57617.399418,228.10159302,173.70109243711144,,,,,,validated_spectrum,
data/organized_spectra/TIC318707987/220383386S-hi57617.90484r.fits,TIC318707987,,,HIRES: High Resolution Echelle Spectrometer,3167,2016-08-17,57617.399418,228.10159302,50.624867137018214,,,,,,validated_spectrum,
data/organized_spectra/TIC318707987/220383386S-hi57617.90796b.fits,TIC318707987,,,HIRES: High Resolution Echelle Spectrometer,3167,2016-08-17,57617.402552,225.04399109,29.282551582966185,,,,,,validated_spectrum,
data/organized_spectra/TIC318707987/220383386S-hi57617.90796i.fits,TIC318707987,,,HIRES: High Resolution Echelle Spectrometer,3167,2016-08-17,57617.402552,225.04399109,174.02247470831742,,,,,,validated_spectrum,
data/organized_spectra/TIC318707987/220383386S-hi57617.90796r.fits,TIC318707987,,,HIRES: High Resolution Echelle Spectrometer,3167,2016-08-17,57617.402552,225.04399109,49.669549508867746,,,,,,validated_spectrum,
data/organized_spectra/TIC318707987/220383386S-hi57618.91072b.fits,TIC318707987,,,HIRES: High Resolution Echelle Spectrometer,3167,2016-08-18,57618.405143,243.47840881,30.019384071236747,,,,,,validated_spectrum,
data/organized_spectra/TIC318707987/220383386S-hi57618.91072i.fits,TIC318707987,,,HIRES: High Resolution Echelle Spectrometer,3167,2016-08-18,57618.405143,243.47840881,187.57838308938088,,,,,,validated_spectrum,
data/organized_spectra/TIC318707987/220383386S-hi57618.91072r.fits,TIC318707987,,,HIRES: High Resolution Echelle Spectrometer,3167,2016-08-18,57618.405143,243.47840881,54.68324085583234,,,,,,validated_spectrum,
data/organized_spectra/TIC318707987/220383386S-hi57618.91394b.fits,TIC318707987,,,HIRES: High Resolution Echelle Spectrometer,3167,2016-08-18,57618.408447,232.55279541,30.398825444292907,,,,,,validated_spectrum,
data/organized_spectra/TIC318707987/220383386S-hi57618.91394i.fits,TIC318707987,,,HIRES: High Resolution Echelle Spectrometer,3167,2016-08-18,57618.408447,232.55279541,187.91642851718817,,,,,,validated_spectrum,
data/organized_spectra/TIC318707987/220383386S-hi57618.91394r.fits,TIC318707987,,,HIRES: High Resolution Echelle Spectrometer,3167,2016-08-18,57618.408447,232.55279541,52.408000992859144,,,,,,validated_spectrum,
data/organized_spectra/TIC318707987/220383386S-hi57618.91712b.fits,TIC318707987,,,HIRES: High Resolution Echelle Spectrometer,3167,2016-08-18,57618.411632,229.85520935,30.260168722294942,,,,,,validated_spectrum,
data/organized_spectra/TIC318707987/220383386S-hi57618.91712i.fits,TIC318707987,,,HIRES: High Resolution Echelle Spectrometer,3167,2016-08-18,57618.411632,229.85520935,184.49642360111676,,,,,,validated_spectrum,
data/organized_spectra/TIC318707987/220383386S-hi57618.91712r.fits,TIC318707987,,,HIRES: High Resolution Echelle Spectrometer,3167,2016-08-18,57618.411632,229.85520935,52.600566544265575,,,,,,validated_spectrum,
data/organized_spectra/TIC318707987/220383386S-hi57651.81205b.fits,TIC318707987,,,HIRES: High Resolution Echelle Spectrometer,3167,2016-09-20,57651.304884,261.86160278,29.61862342360791,,,,,,validated_spectrum,
data/organized_spectra/TIC318707987/220383386S-hi57651.81205i.fits,TIC318707987,,,HIRES: High Resolution Echelle Spectrometer,3167,2016-09-20,57651.304884,261.86160278,181.90818397719175,,,,,,validated_spectrum,
data/organized_spectra/TIC318707987/220383386S-hi57651.81205r.fits,TIC318707987,,,HIRES: High Resolution Echelle Spectrometer,3167,2016-09-20,57651.304884,261.86160278,51.350664172128155,,,,,,validated_spectrum,
data/organized_spectra/TIC318707987/220383386S-hi57651.81563b.fits,TIC318707987,,,HIRES: High Resolution Echelle Spectrometer,3167,2016-09-20,57651.308408,266.64678955,30.01230614142587,,,,,,validated_spectrum,
data/organized_spectra/TIC318707987/220383386S-hi57651.81563i.fits,TIC318707987,,,HIRES: High Resolution Echelle Spectrometer,3167,2016-09-20,57651.308408,266.64678955,181.0407069876745,,,,,,validated_spectrum,
data/organized_spectra/TIC318707987/220383386S-hi57651.81563r.fits,TIC318707987,,,HIRES: High Resolution Echelle Spectrometer,3167,2016-09-20,57651.308408,266.64678955,52.01992282936848,,,,,,validated_spectrum,
data/organized_spectra/TIC318707987/220383386S-hi57651.81915b.fits,TIC318707987,,,HIRES: High Resolution Echelle Spectrometer,3167,2016-09-20,57651.311982,269.50558472,30.28641397197961,,,,,,validated_spectrum,
data/organized_spectra/TIC318707987/220383386S-hi57651.81915i.fits,TIC318707987,,,HIRES: High Resolution Echelle Spectrometer,3167,2016-09-20,57651.311982,269.50558472,179.79304173736242,,,,,,validated_spectrum,
data/organized_spectra/TIC318707987/220383386S-hi57651.81915r.fits,TIC318707987,,,HIRES: High Resolution Echelle Spectrometer,3167,2016-09-20,57651.311982,269.50558472,53.321749083258915,,,,,,validated_spectrum,
data/organized_spectra/TIC318707987/220383386S-hi57652.09333b.fits,TIC318707987,,,HIRES: High Resolution Echelle Spectrometer,3167,2016-09-20,57651.586138,264.9619751,30.06519639608569,,,,,,validated_spectrum,
data/organized_spectra/TIC318707987/220383386S-hi57652.09333i.fits,TIC318707987,,,HIRES: High Resolution Echelle Spectrometer,3167,2016-09-20,57651.586138,264.9619751,181.12426258780496,,,,,,validated_spectrum,
data/organized_spectra/TIC318707987/220383386S-hi57652.09333r.fits,TIC318707987,,,HIRES: High Resolution Echelle Spectrometer,3167,2016-09-20,57651.586138,264.9619751,53.07613757078242,,,,,,validated_spectrum,
data/organized_spectra/TIC318707987/220383386S-hi57652.09700b.fits,TIC318707987,,,HIRES: High Resolution Echelle Spectrometer,3167,2016-09-20,57651.589697,311.57962036,30.47073580392583,,,,,,validated_spectrum,
data/organized_spectra/TIC318707987/220383386S-hi57652.09700i.fits,TIC318707987,,,HIRES: High Resolution Echelle Spectrometer,3167,2016-09-20,57651.589697,311.57962036,189.71550531414184,,,,,,validated_spectrum,
data/organized_spectra/TIC318707987/220383386S-hi57652.09700r.fits,TIC318707987,,,HIRES: High Resolution Echelle Spectrometer,3167,2016-09-20,57651.589697,311.57962036,55.19926946062236,,,,,,validated_spectrum,
data/organized_spectra/TIC318707987/220383386S-hi57652.10110b.fits,TIC318707987,,,HIRES: High Resolution Echelle Spectrometer,3167,2016-09-20,57651.593798,286.27758789,30.48493972925184,,,,,,validated_spectrum,
data/organized_spectra/TIC318707987/220383386S-hi57652.10110i.fits,TIC318707987,,,HIRES: High Resolution Echelle Spectrometer,3167,2016-09-20,57651.593798,286.27758789,180.68040331358748,,,,,,validated_spectrum,
data/organized_spectra/TIC318707987/220383386S-hi57652.10110r.fits,TIC318707987,,,HIRES: High Resolution Echelle Spectrometer,3167,2016-09-20,57651.593798,286.27758789,53.76876643884739,,,,,,validated_spectrum,
data/organized_spectra/TIC318707987/220383386S-hi57652.81212b.fits,TIC318707987,,,HIRES: High Resolution Echelle Spectrometer,3167,2016-09-21,57652.304809,290.11920166,30.003795105097613,,,,,,validated_spectrum,
data/organized_spectra/TIC318707987/220383386S-hi57652.81212i.fits,TIC318707987,,,HIRES: High Resolution Echelle Spectrometer,3167,2016-09-21,57652.304809,290.11920166,180.2447618722124,,,,,,validated_spectrum,
data/organized_spectra/TIC318707987/220383386S-hi57652.81212r.fits,TIC318707987,,,HIRES: High Resolution Echelle Spectrometer,3167,2016-09-21,57652.304809,290.11920166,52.45039028023875,,,,,,validated_spectrum,
data/organized_spectra/TIC318707987/220383386S-hi57652.81620b.fits,TIC318707987,,,HIRES: High Resolution Echelle Spectrometer,3167,2016-09-21,57652.308664,325.41238403,30.580497825687942,,,,,,validated_spectrum,
data/organized_spectra/TIC318707987/220383386S-hi57652.81620i.fits,TIC318707987,,,HIRES: High Resolution Echelle Spectrometer,3167,2016-09-21,57652.308664,325.41238403,193.7472112441187,,,,,,validated_spectrum,
data/organized_spectra/TIC318707987/220383386S-hi57652.81620r.fits,TIC318707987,,,HIRES: High Resolution Echelle Spectrometer,3167,2016-09-21,57652.308664,325.41238403,55.5378654021854,,,,,,validated_spectrum,
data/organized_spectra/TIC318707987/220383386S-hi57652.82022b.fits,TIC318707987,,,HIRES: High Resolution Echelle Spectrometer,3167,2016-09-21,57652.31293,292.06997681,30.435392426263505,,,,,,validated_spectrum,
data/organized_spectra/TIC318707987/220383386S-hi57652.82022i.fits,TIC318707987,,,HIRES: High Resolution Echelle Spectrometer,3167,2016-09-21,57652.31293,292.06997681,182.64255366221343,,,,,,validated_spectrum,
data/organized_spectra/TIC318707987/220383386S-hi57652.82022r.fits,TIC318707987,,,HIRES: High Resolution Echelle Spectrometer,3167,2016-09-21,57652.31293,292.06997681,53.294467766046985,,,,,,validated_spectrum,
data/organized_spectra/TIC318707987/220383386S-hi57653.09642b.fits,TIC318707987,,,HIRES: High Resolution Echelle Spectrometer,3167,2016-09-21,57652.588959,313.8119812,31.23032875287553,,,,,,validated_spectrum,
data/organized_spectra/TIC318707987/220383386S-hi57653.09642i.fits,TIC318707987,,,HIRES: High Resolution Echelle Spectrometer,3167,2016-09-21,57652.588959,313.8119812,195.8303726763115,,,,,,validated_spectrum,
data/organized_spectra/TIC318707987/220383386S-hi57653.09642r.fits,TIC318707987,,,HIRES: High Resolution Echelle Spectrometer,3167,2016-09-21,57652.588959,313.8119812,60.16308872131464,,,,,,validated_spectrum,
data/organized_spectra/TIC318707987/220383386S-hi57653.10061b.fits,TIC318707987,,,HIRES: High Resolution Echelle Spectrometer,3167,2016-09-21,57652.593079,322.5947876,31.389740081547625,,,,,,validated_spectrum,
data/organized_spectra/TIC318707987/220383386S-hi57653.10061i.fits,TIC318707987,,,HIRES: High Resolution Echelle Spectrometer,3167,2016-09-21,57652.593079,322.5947876,196.53724033706848,,,,,,validated_spectrum,
data/organized_spectra/TIC318707987/220383386S-hi57653.10061r.fits,TIC318707987,,,HIRES: High Resolution Echelle Spectrometer,3167,2016-09-21,57652.593079,322.5947876,59.07434608652739,,,,,,validated_spectrum,
data/organized_spectra/TIC318707987/220383386S-hi57653.10491b.fits,TIC318707987,,,HIRES: High Resolution Echelle Spectrometer,3167,2016-09-21,57652.597304,360.42199707,31.275586228192573,,,,,,validated_spectrum,
data/organized_spectra/TIC318707987/220383386S-hi57653.10491i.fits,TIC318707987,,,HIRES: High Resolution Echelle Spectrometer,3167,2016-09-21,57652.597304,360.42199707,201.28592681010903,,,,,,validated_spectrum,
data/organized_spectra/TIC318707987/220383386S-hi57653.10491r.fits,TIC318707987,,,HIRES: High Resolution Echelle Spectrometer,3167,2016-09-21,57652.597304,360.42199707,60.174827985251525,,,,,,validated_spectrum,
data/organized_spectra/TIC318707987/220383386S-hi57653.84835b.fits,TIC318707987,,,HIRES: High Resolution Echelle Spectrometer,3167,2016-09-22,57653.341022,274.81958008,30.068403627137485,,,,,,validated_spectrum,
data/organized_spectra/TIC318707987/220383386S-hi57653.84835i.fits,TIC318707987,,,HIRES: High Resolution Echelle Spectrometer,3167,2016-09-22,57653.341022,274.81958008,185.22264526351344,,,,,,validated_spectrum,
data/organized_spectra/TIC318707987/220383386S-hi57653.84835r.fits,TIC318707987,,,HIRES: High Resolution Echelle Spectrometer,3167,2016-09-22,57653.341022,274.81958008,56.21657616160022,,,,,,validated_spectrum,
data/organized_spectra/TIC318707987/220383386S-hi57653.85194b.fits,TIC318707987,,,HIRES: High Resolution Echelle Spectrometer,3167,2016-09-22,57653.344699,264.60202026,30.546089899623695,,,,,,validated_spectrum,
data/organized_spectra/TIC318707987/220383386S-hi57653.85194i.fits,TIC318707987,,,HIRES: High Resolution Echelle Spectrometer,3167,2016-09-22,57653.344699,264.60202026,182.5101751985648,,,,,,validated_spectrum,
data/organized_spectra/TIC318707987/220383386S-hi57653.85194r.fits,TIC318707987,,,HIRES: High Resolution Echelle Spectrometer,3167,2016-09-22,57653.344699,264.60202026,55.91875493308957,,,,,,validated_spectrum,
data/organized_spectra/TIC318707987/220383386S-hi57653.85546b.fits,TIC318707987,,,HIRES: High Resolution Echelle Spectrometer,3167,2016-09-22,57653.348253,264.58560181,29.947371136481387,,,,,,validated_spectrum,
data/organized_spectra/TIC318707987/220383386S-hi57653.85546i.fits,TIC318707987,,,HIRES: High Resolution Echelle Spectrometer,3167,2016-09-22,57653.348253,264.58560181,179.13727336898182,,,,,,validated_spectrum,
data/organized_spectra/TIC318707987/220383386S-hi57653.85546r.fits,TIC318707987,,,HIRES: High Resolution Echelle Spectrometer,3167,2016-09-22,57653.348253,264.58560181,53.08850113092907,,,,,,validated_spectrum,
data/organized_spectra/TIC318707987/220383386S-hi57654.06746b.fits,TIC318707987,,,HIRES: High Resolution Echelle Spectrometer,3167,2016-09-22,57653.560159,286.02838135,30.515281664157243,,,,,,validated_spectrum,
data/organized_spectra/TIC318707987/220383386S-hi57654.06746i.fits,TIC318707987,,,HIRES: High Resolution Echelle Spectrometer,3167,2016-09-22,57653.560159,286.02838135,189.55849217838215,,,,,,validated_spectrum,
data/organized_spectra/TIC318707987/220383386S-hi57654.06746r.fits,TIC318707987,,,HIRES: High Resolution Echelle Spectrometer,3167,2016-09-22,57653.560159,286.02838135,57.91295105780149,,,,,,validated_spectrum,
data/organized_spectra/TIC318707987/220383386S-hi57654.07141b.fits,TIC318707987,,,HIRES: High Resolution Echelle Spectrometer,3167,2016-09-22,57653.563957,303.76879883,31.072541253153673,,,,,,validated_spectrum,
data/organized_spectra/TIC318707987/220383386S-hi57654.07141i.fits,TIC318707987,,,HIRES: High Resolution Echelle Spectrometer,3167,2016-09-22,57653.563957,303.76879883,195.6006422077691,,,,,,validated_spectrum,
data/organized_spectra/TIC318707987/220383386S-hi57654.07141r.fits,TIC318707987,,,HIRES: High Resolution Echelle Spectrometer,3167,2016-09-22,57653.563957,303.76879883,59.08092231971982,,,,,,validated_spectrum,
data/organized_spectra/TIC318707987/220383386S-hi57654.07533b.fits,TIC318707987,,,HIRES: High Resolution Echelle Spectrometer,3167,2016-09-22,57653.567972,293.83560181,30.839293916671835,,,,,,validated_spectrum,
data/organized_spectra/TIC318707987/220383386S-hi57654.07533i.fits,TIC318707987,,,HIRES: High Resolution Echelle Spectrometer,3167,2016-09-22,57653.567972,293.83560181,190.19391067984108,,,,,,validated_spectrum,
data/organized_spectra/TIC318707987/220383386S-hi57654.07533r.fits,TIC318707987,,,HIRES: High Resolution Echelle Spectrometer,3167,2016-09-22,57653.567972,293.83560181,58.897146308169326,,,,,,validated_spectrum,
data/organized_spectra/TIC318707987/220383386S-hi57668.76575b.fits,TIC318707987,,,HIRES: High Resolution Echelle Spectrometer,3167,2016-10-07,57668.256835,523.70440674,30.848752929023675,,,,,,validated_spectrum,
data/organized_spectra/TIC318707987/220383386S-hi57668.76575i.fits,TIC318707987,,,HIRES: High Resolution Echelle Spectrometer,3167,2016-10-07,57668.256835,523.70440674,202.67608514168407,,,,,,validated_spectrum,
data/organized_spectra/TIC318707987/220383386S-hi57668.76575r.fits,TIC318707987,,,HIRES: High Resolution Echelle Spectrometer,3167,2016-10-07,57668.256835,523.70440674,61.77763490905516,,,,,,validated_spectrum,
data/organized_spectra/TIC318707987/220383386S-hi57668.77150b.fits,TIC318707987,,,HIRES: High Resolution Echelle Spectrometer,3167,2016-10-07,57668.263405,390.8460083,31.211346933873457,,,,,,validated_spectrum,
data/organized_spectra/TIC318707987/220383386S-hi57668.77150i.fits,TIC318707987,,,HIRES: High Resolution Echelle Spectrometer,3167,2016-10-07,57668.263405,390.8460083,204.9727818557402,,,,,,validated_spectrum,
data/organized_spectra/TIC318707987/220383386S-hi57668.77150r.fits,TIC318707987,,,HIRES: High Resolution Echelle Spectrometer,3167,2016-10-07,57668.263405,390.8460083,60.90018822222184,,,,,,validated_spectrum,
data/organized_spectra/TIC318707987/220383386S-hi57668.77669b.fits,TIC318707987,,,HIRES: High Resolution Echelle Spectrometer,3167,2016-10-07,57668.268412,442.67080688,31.53747991670259,,,,,,validated_spectrum,
data/organized_spectra/TIC318707987/220383386S-hi57668.77669i.fits,TIC318707987,,,HIRES: High Resolution Echelle Spectrometer,3167,2016-10-07,57668.268412,442.67080688,199.19286003204743,,,,,,validated_spectrum,
data/organized_spectra/TIC318707987/220383386S-hi57668.77669r.fits,TIC318707987,,,HIRES: High Resolution Echelle Spectrometer,3167,2016-10-07,57668.268412,442.67080688,61.213199601903256,,,,,,validated_spectrum,
data/organized_spectra/TIC318707987/220383386S-hi57669.05811b.fits,TIC318707987,,,HIRES: High Resolution Echelle Spectrometer,3167,2016-10-07,57668.550315,357.90280151,31.63867845094884,,,,,,validated_spectrum,
data/organized_spectra/TIC318707987/220383386S-hi57669.05811i.fits,TIC318707987,,,HIRES: High Resolution Echelle Spectrometer,3167,2016-10-07,57668.550315,357.90280151,194.3390656363745,,,,,,validated_spectrum,
data/organized_spectra/TIC318707987/220383386S-hi57669.05811r.fits,TIC318707987,,,HIRES: High Resolution Echelle Spectrometer,3167,2016-10-07,57668.550315,357.90280151,60.15027933348805,,,,,,validated_spectrum,
data/organized_spectra/TIC318707987/220383386S-hi57669.06300b.fits,TIC318707987,,,HIRES: High Resolution Echelle Spectrometer,3167,2016-10-07,57668.554947,436.07357788,31.519009407304623,,,,,,validated_spectrum,
data/organized_spectra/TIC318707987/220383386S-hi57669.06300i.fits,TIC318707987,,,HIRES: High Resolution Echelle Spectrometer,3167,2016-10-07,57668.554947,436.07357788,191.1401868289109,,,,,,validated_spectrum,
data/organized_spectra/TIC318707987/220383386S-hi57669.06300r.fits,TIC318707987,,,HIRES: High Resolution Echelle Spectrometer,3167,2016-10-07,57668.554947,436.07357788,62.31013331779576,,,,,,validated_spectrum,
data/organized_spectra/TIC318707987/220383386S-hi57669.06921b.fits,TIC318707987,,,HIRES: High Resolution Echelle Spectrometer,3167,2016-10-07,57668.560497,439.83999634,30.879355547424694,,,,,,validated_spectrum,
data/organized_spectra/TIC318707987/220383386S-hi57669.06921i.fits,TIC318707987,,,HIRES: High Resolution Echelle Spectrometer,3167,2016-10-07,57668.560497,439.83999634,186.83191327731188,,,,,,validated_spectrum,
data/organized_spectra/TIC318707987/220383386S-hi57669.06921r.fits,TIC318707987,,,HIRES: High Resolution Echelle Spectrometer,3167,2016-10-07,57668.560497,439.83999634,59.625757039419774,,,,,,validated_spectrum,
data/organized_spectra/TIC318707987/220383386S-hi57671.75891b.fits,TIC318707987,,,HIRES: High Resolution Echelle Spectrometer,3167,2016-10-10,57671.251272,333.31838989,33.357011387922945,,,,,,validated_spectrum,
data/organized_spectra/TIC318707987/220383386S-hi57671.75891i.fits,TIC318707987,,,HIRES: High Resolution Echelle Spectrometer,3167,2016-10-10,57671.251272,333.31838989,192.86613745621324,,,,,,validated_spectrum,
data/organized_spectra/TIC318707987/220383386S-hi57671.75891r.fits,TIC318707987,,,HIRES: High Resolution Echelle Spectrometer,3167,2016-10-10,57671.251272,333.31838989,65.08377126279723,,,,,,validated_spectrum,
data/organized_spectra/TIC318707987/220383386S-hi57671.76316b.fits,TIC318707987,,,HIRES: High Resolution Echelle Spectrometer,3167,2016-10-10,57671.255628,320.89599609,32.94571696171103,,,,,,validated_spectrum,
data/organized_spectra/TIC318707987/220383386S-hi57671.76316i.fits,TIC318707987,,,HIRES: High Resolution Echelle Spectrometer,3167,2016-10-10,57671.255628,320.89599609,190.5900491920268,,,,,,validated_spectrum,
data/organized_spectra/TIC318707987/220383386S-hi57671.76316r.fits,TIC318707987,,,HIRES: High Resolution Echelle Spectrometer,3167,2016-10-10,57671.255628,320.89599609,64.3458293276249,,,,,,validated_spectrum,
data/organized_spectra/TIC318707987/220383386S-hi57671.76733b.fits,TIC318707987,,,HIRES: High Resolution Echelle Spectrometer,3167,2016-10-10,57671.259843,308.71200562,33.02241852556342,,,,,,validated_spectrum,
data/organized_spectra/TIC318707987/220383386S-hi57671.76733i.fits,TIC318707987,,,HIRES: High Resolution Echelle Spectrometer,3167,2016-10-10,57671.259843,308.71200562,193.38503633557323,,,,,,validated_spectrum,
data/organized_spectra/TIC318707987/220383386S-hi57671.76733r.fits,TIC318707987,,,HIRES: High Resolution Echelle Spectrometer,3167,2016-10-10,57671.259843,308.71200562,64.303354343465,,,,,,validated_spectrum,
data/organized_spectra/TIC318707987/220383386S-hi57672.04611b.fits,TIC318707987,,,HIRES: High Resolution Echelle Spectrometer,3167,2016-10-10,57671.538823,281.57919312,31.150156516421532,,,,,,validated_spectrum,
data/organized_spectra/TIC318707987/220383386S-hi57672.04611i.fits,TIC318707987,,,HIRES: High Resolution Echelle Spectrometer,3167,2016-10-10,57671.538823,281.57919312,194.29592981757924,,,,,,validated_spectrum,
data/organized_spectra/TIC318707987/220383386S-hi57672.04611r.fits,TIC318707987,,,HIRES: High Resolution Echelle Spectrometer,3167,2016-10-10,57671.538823,281.57919312,61.451283113180594,,,,,,validated_spectrum,
data/organized_spectra/TIC318707987/220383386S-hi57672.05000b.fits,TIC318707987,,,HIRES: High Resolution Echelle Spectrometer,3167,2016-10-10,57671.542583,301.44720459,31.019426346123048,,,,,,validated_spectrum,
data/organized_spectra/TIC318707987/220383386S-hi57672.05000i.fits,TIC318707987,,,HIRES: High Resolution Echelle Spectrometer,3167,2016-10-10,57671.542583,301.44720459,196.31603239537347,,,,,,validated_spectrum,
data/organized_spectra/TIC318707987/220383386S-hi57672.05000r.fits,TIC318707987,,,HIRES: High Resolution Echelle Spectrometer,3167,2016-10-10,57671.542583,301.44720459,62.34728024328922,,,,,,validated_spectrum,
data/organized_spectra/TIC318707987/220383386S-hi57672.05401b.fits,TIC318707987,,,HIRES: High Resolution Echelle Spectrometer,3167,2016-10-10,57671.546573,304.8196106,31.337399018819248,,,,,,validated_spectrum,
data/organized_spectra/TIC318707987/220383386S-hi57672.05401i.fits,TIC318707987,,,HIRES: High Resolution Echelle Spectrometer,3167,2016-10-10,57671.546573,304.8196106,186.31275189324967,,,,,,validated_spectrum,
data/organized_spectra/TIC318707987/220383386S-hi57672.05401r.fits,TIC318707987,,,HIRES: High Resolution Echelle Spectrometer,3167,2016-10-10,57671.546573,304.8196106,59.53632404328108,,,,,,validated_spectrum,
data/organized_spectra/TIC318707987/220383386S-hi57672.76055b.fits,TIC318707987,,,HIRES: High Resolution Echelle Spectrometer,3167,2016-10-11,57672.253101,302.33999634,31.16926848329174,,,,,,validated_spectrum,
data/organized_spectra/TIC318707987/220383386S-hi57672.76055i.fits,TIC318707987,,,HIRES: High Resolution Echelle Spectrometer,3167,2016-10-11,57672.253101,302.33999634,195.4004830972273,,,,,,validated_spectrum,
data/organized_spectra/TIC318707987/220383386S-hi57672.76055r.fits,TIC318707987,,,HIRES: High Resolution Echelle Spectrometer,3167,2016-10-11,57672.253101,302.33999634,60.830377401867175,,,,,,validated_spectrum,
data/organized_spectra/TIC318707987/220383386S-hi57672.76444b.fits,TIC318707987,,,HIRES: High Resolution Echelle Spectrometer,3167,2016-10-11,57672.257115,284.65319824,30.96099706035688,,,,,,validated_spectrum,
data/organized_spectra/TIC318707987/220383386S-hi57672.76444i.fits,TIC318707987,,,HIRES: High Resolution Echelle Spectrometer,3167,2016-10-11,57672.257115,284.65319824,195.0488667705764,,,,,,validated_spectrum,
data/organized_spectra/TIC318707987/220383386S-hi57672.76444r.fits,TIC318707987,,,HIRES: High Resolution Echelle Spectrometer,3167,2016-10-11,57672.257115,284.65319824,59.8338311127638,,,,,,validated_spectrum,
data/organized_spectra/TIC318707987/220383386S-hi57672.76823b.fits,TIC318707987,,,HIRES: High Resolution Echelle Spectrometer,3167,2016-10-11,57672.260915,286.2791748,30.97639730601387,,,,,,validated_spectrum,
data/organized_spectra/TIC318707987/220383386S-hi57672.76823i.fits,TIC318707987,,,HIRES: High Resolution Echelle Spectrometer,3167,2016-10-11,57672.260915,286.2791748,192.02328081927328,,,,,,validated_spectrum,
data/organized_spectra/TIC318707987/220383386S-hi57672.76823r.fits,TIC318707987,,,HIRES: High Resolution Echelle Spectrometer,3167,2016-10-11,57672.260915,286.2791748,60.31216511234317,,,,,,validated_spectrum,
data/organized_spectra/TIC318707987/220383386S-hi57672.90362b.fits,TIC318707987,,,HIRES: High Resolution Echelle Spectrometer,3167,2016-10-11,57672.396148,299.36920166,27.471299544843752,,,,,,validated_spectrum,
data/organized_spectra/TIC318707987/220383386S-hi57672.90362g.fits,TIC318707987,,,HIRES: High Resolution Echelle Spectrometer,3167,2016-10-11,57672.396148,299.36920166,143.18838070939267,,,,,,validated_spectrum,
data/organized_spectra/TIC318707987/220383386S-hi57672.90362i.fits,TIC318707987,,,HIRES: High Resolution Echelle Spectrometer,3167,2016-10-11,57672.396148,299.36920166,169.90923525590202,,,,,,validated_spectrum,
data/organized_spectra/TIC318707987/220383386S-hi57672.90742b.fits,TIC318707987,,,HIRES: High Resolution Echelle Spectrometer,3167,2016-10-11,57672.400119,304.75360107,27.75882766571588,,,,,,validated_spectrum,
data/organized_spectra/TIC318707987/220383386S-hi57672.90742g.fits,TIC318707987,,,HIRES: High Resolution Echelle Spectrometer,3167,2016-10-11,57672.400119,304.75360107,146.1306446263709,,,,,,validated_spectrum,
data/organized_spectra/TIC318707987/220383386S-hi57672.90742i.fits,TIC318707987,,,HIRES: High Resolution Echelle Spectrometer,3167,2016-10-11,57672.400119,304.75360107,171.9877347414954,,,,,,validated_spectrum,
data/organized_spectra/TIC318707987/220383386S-hi57672.91214b.fits,TIC318707987,,,HIRES: High Resolution Echelle Spectrometer,3167,2016-10-11,57672.404152,390.92318726,27.50598349806888,,,,,,validated_spectrum,
data/organized_spectra/TIC318707987/220383386S-hi57672.91214g.fits,TIC318707987,,,HIRES: High Resolution Echelle Spectrometer,3167,2016-10-11,57672.404152,390.92318726,144.52189720692962,,,,,,validated_spectrum,
data/organized_spectra/TIC318707987/220383386S-hi57672.91214i.fits,TIC318707987,,,HIRES: High Resolution Echelle Spectrometer,3167,2016-10-11,57672.404152,390.92318726,175.67413657463516,,,,,,validated_spectrum,
data/organized_spectra/TIC318707987/220383386S-hi57672.91708b.fits,TIC318707987,,,HIRES: High Resolution Echelle Spectrometer,3167,2016-10-11,57672.409188,381.42919922,27.56696547229685,,,,,,validated_spectrum,
data/organized_spectra/TIC318707987/220383386S-hi57672.91708g.fits,TIC318707987,,,HIRES: High Resolution Echelle Spectrometer,3167,2016-10-11,57672.409188,381.42919922,148.32315622708438,,,,,,validated_spectrum,
data/organized_spectra/TIC318707987/220383386S-hi57672.91708i.fits,TIC318707987,,,HIRES: High Resolution Echelle Spectrometer,3167,2016-10-11,57672.409188,381.42919922,168.16563431637965,,,,,,validated_spectrum,
data/organized_spectra/TIC318707987/220383386S-hi57672.92166b.fits,TIC318707987,,,HIRES: High Resolution Echelle Spectrometer,3167,2016-10-11,57672.414106,332.13598633,27.541396600816192,,,,,,validated_spectrum,
data/organized_spectra/TIC318707987/220383386S-hi57672.92166g.fits,TIC318707987,,,HIRES: High Resolution Echelle Spectrometer,3167,2016-10-11,57672.414106,332.13598633,143.20765719853097,,,,,,validated_spectrum,
data/organized_spectra/TIC318707987/220383386S-hi57672.92166i.fits,TIC318707987,,,HIRES: High Resolution Echelle Spectrometer,3167,2016-10-11,57672.414106,332.13598633,166.29299597836865,,,,,,validated_spectrum,
data/organized_spectra/TIC318707987/220383386S-hi57672.94509b.fits,TIC318707987,,,HIRES: High Resolution Echelle Spectrometer,3167,2016-10-11,57672.437811,276.36199951,31.378525707481742,,,,,,validated_spectrum,
data/organized_spectra/TIC318707987/220383386S-hi57672.94509i.fits,TIC318707987,,,HIRES: High Resolution Echelle Spectrometer,3167,2016-10-11,57672.437811,276.36199951,193.37047919282483,,,,,,validated_spectrum,
data/organized_spectra/TIC318707987/220383386S-hi57672.94509r.fits,TIC318707987,,,HIRES: High Resolution Echelle Spectrometer,3167,2016-10-11,57672.437811,276.36199951,62.4669565748848,,,,,,validated_spectrum,
data/organized_spectra/TIC318707987/220383386S-hi57672.94877b.fits,TIC318707987,,,HIRES: High Resolution Echelle Spectrometer,3167,2016-10-11,57672.441522,274.39401245,31.6049040557711,,,,,,validated_spectrum,
data/organized_spectra/TIC318707987/220383386S-hi57672.94877i.fits,TIC318707987,,,HIRES: High Resolution Echelle Spectrometer,3167,2016-10-11,57672.441522,274.39401245,191.9822161485435,,,,,,validated_spectrum,
data/organized_spectra/TIC318707987/220383386S-hi57672.94877r.fits,TIC318707987,,,HIRES: High Resolution Echelle Spectrometer,3167,2016-10-11,57672.441522,274.39401245,61.587947090294065,,,,,,validated_spectrum,
data/organized_spectra/TIC318707987/220383386S-hi57672.95247b.fits,TIC318707987,,,HIRES: High Resolution Echelle Spectrometer,3167,2016-10-11,57672.445199,273.09680176,31.228093259939833,,,,,,validated_spectrum,
data/organized_spectra/TIC318707987/220383386S-hi57672.95247i.fits,TIC318707987,,,HIRES: High Resolution Echelle Spectrometer,3167,2016-10-11,57672.445199,273.09680176,195.1091945379033,,,,,,validated_spectrum,
data/organized_spectra/TIC318707987/220383386S-hi57672.95247r.fits,TIC318707987,,,HIRES: High Resolution Echelle Spectrometer,3167,2016-10-11,57672.445199,273.09680176,62.77829037377198,,,,,,validated_spectrum,
data/organized_spectra/TIC318707987/220383386S-hi57679.76933b.fits,TIC318707987,,,HIRES: High Resolution Echelle Spectrometer,3167,2016-10-18,57679.262275,261.07000732,30.364778247813103,,,,,,validated_spectrum,
data/organized_spectra/TIC318707987/220383386S-hi57679.76933i.fits,TIC318707987,,,HIRES: High Resolution Echelle Spectrometer,3167,2016-10-18,57679.262275,261.07000732,192.5933168290812,,,,,,validated_spectrum,
data/organized_spectra/TIC318707987/220383386S-hi57679.76933r.fits,TIC318707987,,,HIRES: High Resolution Echelle Spectrometer,3167,2016-10-18,57679.262275,261.07000732,56.80835914698106,,,,,,validated_spectrum,
data/organized_spectra/TIC318707987/220383386S-hi57679.77293b.fits,TIC318707987,,,HIRES: High Resolution Echelle Spectrometer,3167,2016-10-18,57679.265787,276.56878662,30.65859597527382,,,,,,validated_spectrum,
data/organized_spectra/TIC318707987/220383386S-hi57679.77293i.fits,TIC318707987,,,HIRES: High Resolution Echelle Spectrometer,3167,2016-10-18,57679.265787,276.56878662,190.8461366338236,,,,,,validated_spectrum,
data/organized_spectra/TIC318707987/220383386S-hi57679.77293r.fits,TIC318707987,,,HIRES: High Resolution Echelle Spectrometer,3167,2016-10-18,57679.265787,276.56878662,58.29859444183312,,,,,,validated_spectrum,
data/organized_spectra/TIC318707987/220383386S-hi57679.77552b.fits,TIC318707987,,,HIRES: High Resolution Echelle Spectrometer,3167,2016-10-18,57679.269495,103.87960052,27.03477309131752,,,,,,validated_spectrum,
data/organized_spectra/TIC318707987/220383386S-hi57679.77552i.fits,TIC318707987,,,HIRES: High Resolution Echelle Spectrometer,3167,2016-10-18,57679.269495,103.87960052,119.18504210179474,,,,,,validated_spectrum,
data/organized_spectra/TIC318707987/220383386S-hi57679.77552r.fits,TIC318707987,,,HIRES: High Resolution Echelle Spectrometer,3167,2016-10-18,57679.269495,103.87960052,54.61239439284011,,,,,,validated_spectrum,
data/organized_spectra/TIC318707987/220383386S-hi57697.94549b.fits,TIC318707987,,,HIRES: High Resolution Echelle Spectrometer,3167,2016-11-05,57697.439031,290.96398926,30.41339631332461,,,,,,validated_spectrum,
data/organized_spectra/TIC318707987/220383386S-hi57697.94549i.fits,TIC318707987,,,HIRES: High Resolution Echelle Spectrometer,3167,2016-11-05,57697.439031,290.96398926,193.8623959454281,,,,,,validated_spectrum,
data/organized_spectra/TIC318707987/220383386S-hi57697.94549r.fits,TIC318707987,,,HIRES: High Resolution Echelle Spectrometer,3167,2016-11-05,57697.439031,290.96398926,58.54944834277266,,,,,,validated_spectrum,
data/organized_spectra/TIC318707987/220383386S-hi57697.94927b.fits,TIC318707987,,,HIRES: High Resolution Echelle Spectrometer,3167,2016-11-05,57697.442891,284.96957397,30.35322510149787,,,,,,validated_spectrum,
data/organized_spectra/TIC318707987/220383386S-hi57697.94927i.fits,TIC318707987,,,HIRES: High Resolution Echelle Spectrometer,3167,2016-11-05,57697.442891,284.96957397,194.73087413243513,,,,,,validated_spectrum,
data/organized_spectra/TIC318707987/220383386S-hi57697.94927r.fits,TIC318707987,,,HIRES: High Resolution Echelle Spectrometer,3167,2016-11-05,57697.442891,284.96957397,58.38016907216804,,,,,,validated_spectrum,
data/organized_spectra/TIC318707987/220383386S-hi57697.95306b.fits,TIC318707987,,,HIRES: High Resolution Echelle Spectrometer,3167,2016-11-05,57697.446698,283.05239868,30.452188712078694,,,,,,validated_spectrum,
data/organized_spectra/TIC318707987/220383386S-hi57697.95306i.fits,TIC318707987,,,HIRES: High Resolution Echelle Spectrometer,3167,2016-11-05,57697.446698,283.05239868,191.0126361179632,,,,,,validated_spectrum,
data/organized_spectra/TIC318707987/220383386S-hi57697.95306r.fits,TIC318707987,,,HIRES: High Resolution Echelle Spectrometer,3167,2016-11-05,57697.446698,283.05239868,58.10711621731798,,,,,,validated_spectrum,
data/organized_spectra/TIC318707987/220383386S-hi57698.00714b.fits,TIC318707987,,,HIRES: High Resolution Echelle Spectrometer,3167,2016-11-05,57697.500232,375.60159302,30.17698610795943,,,,,,validated_spectrum,
data/organized_spectra/TIC318707987/220383386S-hi57698.00714i.fits,TIC318707987,,,HIRES: High Resolution Echelle Spectrometer,3167,2016-11-05,57697.500232,375.60159302,204.56405248117696,,,,,,validated_spectrum,
data/organized_spectra/TIC318707987/220383386S-hi57698.00714r.fits,TIC318707987,,,HIRES: High Resolution Echelle Spectrometer,3167,2016-11-05,57697.500232,375.60159302,60.6835013336876,,,,,,validated_spectrum,
data/organized_spectra/TIC318707987/220383386S-hi57698.01207b.fits,TIC318707987,,,HIRES: High Resolution Echelle Spectrometer,3167,2016-11-05,57697.505097,386.58682251,30.499183892377292,,,,,,validated_spectrum,
data/organized_spectra/TIC318707987/220383386S-hi57698.01207i.fits,TIC318707987,,,HIRES: High Resolution Echelle Spectrometer,3167,2016-11-05,57697.505097,386.58682251,200.71630839084145,,,,,,validated_spectrum,
data/organized_spectra/TIC318707987/220383386S-hi57698.01207r.fits,TIC318707987,,,HIRES: High Resolution Echelle Spectrometer,3167,2016-11-05,57697.505097,386.58682251,60.9747132378883,,,,,,validated_spectrum,
data/organized_spectra/TIC318707987/220383386S-hi57698.01713b.fits,TIC318707987,,,HIRES: High Resolution Echelle Spectrometer,3167,2016-11-05,57697.510075,406.19720459,30.452393911446773,,,,,,validated_spectrum,
data/organized_spectra/TIC318707987/220383386S-hi57698.01713i.fits,TIC318707987,,,HIRES: High Resolution Echelle Spectrometer,3167,2016-11-05,57697.510075,406.19720459,202.89556941500751,,,,,,validated_spectrum,
data/organized_spectra/TIC318707987/220383386S-hi57698.01713r.fits,TIC318707987,,,HIRES: High Resolution Echelle Spectrometer,3167,2016-11-05,57697.510075,406.19720459,60.52606774202464,,,,,,validated_spectrum,
data/organized_spectra/TIC318707987/220383386S-hi57711.77579b.fits,TIC318707987,,,HIRES: High Resolution Echelle Spectrometer,3167,2016-11-19,57711.269388,429.94598389,31.73968288366081,,,,,,validated_spectrum,
data/organized_spectra/TIC318707987/220383386S-hi57711.77579i.fits,TIC318707987,,,HIRES: High Resolution Echelle Spectrometer,3167,2016-11-19,57711.269388,429.94598389,192.6984839346112,,,,,,validated_spectrum,
data/organized_spectra/TIC318707987/220383386S-hi57711.77579r.fits,TIC318707987,,,HIRES: High Resolution Echelle Spectrometer,3167,2016-11-19,57711.269388,429.94598389,62.51460757714912,,,,,,validated_spectrum,
data/organized_spectra/TIC318707987/220383386S-hi57711.78101b.fits,TIC318707987,,,HIRES: High Resolution Echelle Spectrometer,3167,2016-11-19,57711.274849,386.35317993,31.428534237255004,,,,,,validated_spectrum,
data/organized_spectra/TIC318707987/220383386S-hi57711.78101i.fits,TIC318707987,,,HIRES: High Resolution Echelle Spectrometer,3167,2016-11-19,57711.274849,386.35317993,195.49875980153473,,,,,,validated_spectrum,
data/organized_spectra/TIC318707987/220383386S-hi57711.78101r.fits,TIC318707987,,,HIRES: High Resolution Echelle Spectrometer,3167,2016-11-19,57711.274849,386.35317993,61.89380481140782,,,,,,validated_spectrum,
data/organized_spectra/TIC318707987/220383386S-hi57711.78546b.fits,TIC318707987,,,HIRES: High Resolution Echelle Spectrometer,3167,2016-11-19,57711.279814,304.32839966,31.500069178400555,,,,,,validated_spectrum,
data/organized_spectra/TIC318707987/220383386S-hi57711.78546i.fits,TIC318707987,,,HIRES: High Resolution Echelle Spectrometer,3167,2016-11-19,57711.279814,304.32839966,192.68375096556764,,,,,,validated_spectrum,
data/organized_spectra/TIC318707987/220383386S-hi57711.78546r.fits,TIC318707987,,,HIRES: High Resolution Echelle Spectrometer,3167,2016-11-19,57711.279814,304.32839966,61.44822940755006,,,,,,validated_spectrum,
data/organized_spectra/TIC318707987/220383386S-hi57711.85190b.fits,TIC318707987,,,HIRES: High Resolution Echelle Spectrometer,3167,2016-11-19,57711.345292,431.55758667,31.27976884369238,,,,,,validated_spectrum,
data/organized_spectra/TIC318707987/220383386S-hi57711.85190i.fits,TIC318707987,,,HIRES: High Resolution Echelle Spectrometer,3167,2016-11-19,57711.345292,431.55758667,206.6573827017583,,,,,,validated_spectrum,
data/organized_spectra/TIC318707987/220383386S-hi57711.85190r.fits,TIC318707987,,,HIRES: High Resolution Echelle Spectrometer,3167,2016-11-19,57711.345292,431.55758667,63.37212394743693,,,,,,validated_spectrum,
data/organized_spectra/TIC318707987/220383386S-hi57711.85641b.fits,TIC318707987,,,HIRES: High Resolution Echelle Spectrometer,3167,2016-11-19,57711.350789,309.06842041,31.344552803928345,,,,,,validated_spectrum,
data/organized_spectra/TIC318707987/220383386S-hi57711.85641i.fits,TIC318707987,,,HIRES: High Resolution Echelle Spectrometer,3167,2016-11-19,57711.350789,309.06842041,193.7128191040971,,,,,,validated_spectrum,
data/organized_spectra/TIC318707987/220383386S-hi57711.85641r.fits,TIC318707987,,,HIRES: High Resolution Echelle Spectrometer,3167,2016-11-19,57711.350789,309.06842041,62.880694339234054,,,,,,validated_spectrum,
data/organized_spectra/TIC318707987/220383386S-hi57711.86035b.fits,TIC318707987,,,HIRES: High Resolution Echelle Spectrometer,3167,2016-11-19,57711.354858,293.06918335,30.850565931617243,,,,,,validated_spectrum,
data/organized_spectra/TIC318707987/220383386S-hi57711.86035i.fits,TIC318707987,,,HIRES: High Resolution Echelle Spectrometer,3167,2016-11-19,57711.354858,293.06918335,193.5183869728024,,,,,,validated_spectrum,
data/organized_spectra/TIC318707987/220383386S-hi57711.86035r.fits,TIC318707987,,,HIRES: High Resolution Echelle Spectrometer,3167,2016-11-19,57711.354858,293.06918335,60.95751195569228,,,,,,validated_spectrum,
data/organized_spectra/TIC318707987/220383386S-hi57712.77186b.fits,TIC318707987,,,HIRES: High Resolution Echelle Spectrometer,3167,2016-11-20,57712.266747,231.27999878,29.96083513953704,,,,,,validated_spectrum,
data/organized_spectra/TIC318707987/220383386S-hi57712.77186i.fits,TIC318707987,,,HIRES: High Resolution Echelle Spectrometer,3167,2016-11-20,57712.266747,231.27999878,187.9465448336247,,,,,,validated_spectrum,
data/organized_spectra/TIC318707987/220383386S-hi57712.77186r.fits,TIC318707987,,,HIRES: High Resolution Echelle Spectrometer,3167,2016-11-20,57712.266747,231.27999878,53.28322417815593,,,,,,validated_spectrum,
data/organized_spectra/TIC318707987/220383386S-hi57712.77499b.fits,TIC318707987,,,HIRES: High Resolution Echelle Spectrometer,3167,2016-11-20,57712.269927,224.9960022,29.728280592838175,,,,,,validated_spectrum,
data/organized_spectra/TIC318707987/220383386S-hi57712.77499i.fits,TIC318707987,,,HIRES: High Resolution Echelle Spectrometer,3167,2016-11-20,57712.269927,224.9960022,180.91960131681657,,,,,,validated_spectrum,
data/organized_spectra/TIC318707987/220383386S-hi57712.77499r.fits,TIC318707987,,,HIRES: High Resolution Echelle Spectrometer,3167,2016-11-20,57712.269927,224.9960022,52.596168411906184,,,,,,validated_spectrum,
data/organized_spectra/TIC318707987/220383386S-hi57713.78765b.fits,TIC318707987,,,HIRES: High Resolution Echelle Spectrometer,3167,2016-11-21,57713.282657,233.31199646,29.48740571115769,,,,,,validated_spectrum,
data/organized_spectra/TIC318707987/220383386S-hi57713.78765i.fits,TIC318707987,,,HIRES: High Resolution Echelle Spectrometer,3167,2016-11-21,57713.282657,233.31199646,168.8672239406995,,,,,,validated_spectrum,
data/organized_spectra/TIC318707987/220383386S-hi57713.78765r.fits,TIC318707987,,,HIRES: High Resolution Echelle Spectrometer,3167,2016-11-21,57713.282657,233.31199646,49.32127128474322,,,,,,validated_spectrum,
data/organized_spectra/TIC318707987/220383386S-hi57713.79103b.fits,TIC318707987,,,HIRES: High Resolution Echelle Spectrometer,3167,2016-11-21,57713.28586,258.88760376,29.88735669529356,,,,,,validated_spectrum,
data/organized_spectra/TIC318707987/220383386S-hi57713.79103i.fits,TIC318707987,,,HIRES: High Resolution Echelle Spectrometer,3167,2016-11-21,57713.28586,258.88760376,165.97962118767552,,,,,,validated_spectrum,
data/organized_spectra/TIC318707987/220383386S-hi57713.79103r.fits,TIC318707987,,,HIRES: High Resolution Echelle Spectrometer,3167,2016-11-21,57713.28586,258.88760376,48.17930683775706,,,,,,validated_spectrum,
data/organized_spectra/TIC318707987/220383386S-hi57713.79444b.fits,TIC318707987,,,HIRES: High Resolution Echelle Spectrometer,3167,2016-11-21,57713.28935,245.34599304,29.805996041828887,,,,,,validated_spectrum,
data/organized_spectra/TIC318707987/220383386S-hi57713.79444i.fits,TIC318707987,,,HIRES: High Resolution Echelle Spectrometer,3167,2016-11-21,57713.28935,245.34599304,163.0847374844103,,,,,,validated_spectrum,
data/organized_spectra/TIC318707987/220383386S-hi57713.79444r.fits,TIC318707987,,,HIRES: High Resolution Echelle Spectrometer,3167,2016-11-21,57713.28935,245.34599304,50.41470487147849,,,,,,validated_spectrum,
data/organized_spectra/TIC318707987/220383386S-hi57713.95690b.fits,TIC318707987,,,HIRES: High Resolution Echelle Spectrometer,3167,2016-11-21,57713.451701,266.31521606,29.927819801051665,,,,,,validated_spectrum,
data/organized_spectra/TIC318707987/220383386S-hi57713.95690i.fits,TIC318707987,,,HIRES: High Resolution Echelle Spectrometer,3167,2016-11-21,57713.451701,266.31521606,172.92276713542594,,,,,,validated_spectrum,
data/organized_spectra/TIC318707987/220383386S-hi57713.95690r.fits,TIC318707987,,,HIRES: High Resolution Echelle Spectrometer,3167,2016-11-21,57713.451701,266.31521606,53.00249247200479,,,,,,validated_spectrum,
data/organized_spectra/TIC318707987/220383386S-hi57713.96049b.fits,TIC318707987,,,HIRES: High Resolution Echelle Spectrometer,3167,2016-11-21,57713.455282,267.06799316,30.46751814160747,,,,,,validated_spectrum,
data/organized_spectra/TIC318707987/220383386S-hi57713.96049i.fits,TIC318707987,,,HIRES: High Resolution Echelle Spectrometer,3167,2016-11-21,57713.455282,267.06799316,176.95230971043884,,,,,,validated_spectrum,
data/organized_spectra/TIC318707987/220383386S-hi57713.96049r.fits,TIC318707987,,,HIRES: High Resolution Echelle Spectrometer,3167,2016-11-21,57713.455282,267.06799316,53.02626015377732,,,,,,validated_spectrum,
data/organized_spectra/TIC318707987/220383386S-hi57713.96410b.fits,TIC318707987,,,HIRES: High Resolution Echelle Spectrometer,3167,2016-11-21,57713.458861,276.81838989,30.39339976125483,,,,,,validated_spectrum,
data/organized_spectra/TIC318707987/220383386S-hi57713.96410i.fits,TIC318707987,,,HIRES: High Resolution Echelle Spectrometer,3167,2016-11-21,57713.458861,276.81838989,173.7388540639535,,,,,,validated_spectrum,
data/organized_spectra/TIC318707987/220383386S-hi57713.96410r.fits,TIC318707987,,,HIRES: High Resolution Echelle Spectrometer,3167,2016-11-21,57713.458861,276.81838989,53.931547811693235,,,,,,validated_spectrum,
data/organized_spectra/TIC318707987/220383386S-hi57714.79597b.fits,TIC318707987,,,HIRES: High Resolution Echelle Spectrometer,3167,2016-11-22,57714.290782,270.42800903,30.363697352722298,,,,,,validated_spectrum,
data/organized_spectra/TIC318707987/220383386S-hi57714.79597i.fits,TIC318707987,,,HIRES: High Resolution Echelle Spectrometer,3167,2016-11-22,57714.290782,270.42800903,186.85218196371596,,,,,,validated_spectrum,
data/organized_spectra/TIC318707987/220383386S-hi57714.79597r.fits,TIC318707987,,,HIRES: High Resolution Echelle Spectrometer,3167,2016-11-22,57714.290782,270.42800903,55.89392798366491,,,,,,validated_spectrum,
data/organized_spectra/TIC318707987/220383386S-hi57714.79971b.fits,TIC318707987,,,HIRES: High Resolution Echelle Spectrometer,3167,2016-11-22,57714.294395,288.63598633,30.014218385095138,,,,,,validated_spectrum,
data/organized_spectra/TIC318707987/220383386S-hi57714.79971i.fits,TIC318707987,,,HIRES: High Resolution Echelle Spectrometer,3167,2016-11-22,57714.294395,288.63598633,184.6125243280308,,,,,,validated_spectrum,
data/organized_spectra/TIC318707987/220383386S-hi57714.79971r.fits,TIC318707987,,,HIRES: High Resolution Echelle Spectrometer,3167,2016-11-22,57714.294395,288.63598633,56.001766704147826,,,,,,validated_spectrum,
data/organized_spectra/TIC318707987/220383386S-hi57714.80361b.fits,TIC318707987,,,HIRES: High Resolution Echelle Spectrometer,3167,2016-11-22,57714.298235,304.41799927,30.42991451182499,,,,,,validated_spectrum,
data/organized_spectra/TIC318707987/220383386S-hi57714.80361i.fits,TIC318707987,,,HIRES: High Resolution Echelle Spectrometer,3167,2016-11-22,57714.298235,304.41799927,183.0777421363568,,,,,,validated_spectrum,
data/organized_spectra/TIC318707987/220383386S-hi57714.80361r.fits,TIC318707987,,,HIRES: High Resolution Echelle Spectrometer,3167,2016-11-22,57714.298235,304.41799927,55.21617887819448,,,,,,validated_spectrum,
data/organized_spectra/TIC318707987/220383386S-hi57715.69131b.fits,TIC318707987,,,HIRES: High Resolution Echelle Spectrometer,3167,2016-11-23,57715.186232,271.52520752,30.36533489512226,,,,,,validated_spectrum,
data/organized_spectra/TIC318707987/220383386S-hi57715.69131i.fits,TIC318707987,,,HIRES: High Resolution Echelle Spectrometer,3167,2016-11-23,57715.186232,271.52520752,172.5167853977093,,,,,,validated_spectrum,
data/organized_spectra/TIC318707987/220383386S-hi57715.69131r.fits,TIC318707987,,,HIRES: High Resolution Echelle Spectrometer,3167,2016-11-23,57715.186232,271.52520752,49.84053737440509,,,,,,validated_spectrum,
data/organized_spectra/TIC318707987/220383386S-hi57715.69504b.fits,TIC318707987,,,HIRES: High Resolution Echelle Spectrometer,3167,2016-11-23,57715.189876,287.45800781,30.006969187645627,,,,,,validated_spectrum,
data/organized_spectra/TIC318707987/220383386S-hi57715.69504i.fits,TIC318707987,,,HIRES: High Resolution Echelle Spectrometer,3167,2016-11-23,57715.189876,287.45800781,171.6137533839078,,,,,,validated_spectrum,
data/organized_spectra/TIC318707987/220383386S-hi57715.69504r.fits,TIC318707987,,,HIRES: High Resolution Echelle Spectrometer,3167,2016-11-23,57715.189876,287.45800781,50.05074363966041,,,,,,validated_spectrum,
data/organized_spectra/TIC318707987/220383386S-hi57715.69900b.fits,TIC318707987,,,HIRES: High Resolution Echelle Spectrometer,3167,2016-11-23,57715.193707,300.38119507,29.723519446396892,,,,,,validated_spectrum,
data/organized_spectra/TIC318707987/220383386S-hi57715.69900i.fits,TIC318707987,,,HIRES: High Resolution Echelle Spectrometer,3167,2016-11-23,57715.193707,300.38119507,179.0909993316018,,,,,,validated_spectrum,
data/organized_spectra/TIC318707987/220383386S-hi57715.69900r.fits,TIC318707987,,,HIRES: High Resolution Echelle Spectrometer,3167,2016-11-23,57715.193707,300.38119507,50.80137308899735,,,,,,validated_spectrum,
data/organized_spectra/TIC318707987/220383386S-hi57716.81420b.fits,TIC318707987,,,HIRES: High Resolution Echelle Spectrometer,3167,2016-11-24,57716.308808,500.13839722,26.912832806353364,,,,,,validated_spectrum,
data/organized_spectra/TIC318707987/220383386S-hi57716.81420i.fits,TIC318707987,,,HIRES: High Resolution Echelle Spectrometer,3167,2016-11-24,57716.308808,500.13839722,116.05577131717487,,,,,,validated_spectrum,
data/organized_spectra/TIC318707987/220383386S-hi57716.81420r.fits,TIC318707987,,,HIRES: High Resolution Echelle Spectrometer,3167,2016-11-24,57716.308808,500.13839722,51.49013056667269,,,,,,validated_spectrum,
data/organized_spectra/TIC318707987/220383386S-hi57716.90898b.fits,TIC318707987,,,HIRES: High Resolution Echelle Spectrometer,3167,2016-11-24,57716.403365,600.13842773,30.11777332904783,,,,,,validated_spectrum,
data/organized_spectra/TIC318707987/220383386S-hi57716.90898i.fits,TIC318707987,,,HIRES: High Resolution Echelle Spectrometer,3167,2016-11-24,57716.403365,600.13842773,177.98819529351658,,,,,,validated_spectrum,
data/organized_spectra/TIC318707987/220383386S-hi57716.90898r.fits,TIC318707987,,,HIRES: High Resolution Echelle Spectrometer,3167,2016-11-24,57716.403365,600.13842773,55.43326686935164,,,,,,validated_spectrum,
data/organized_spectra/TIC318707987/220383386S-hi57716.92037b.fits,TIC318707987,,,HIRES: High Resolution Echelle Spectrometer,3167,2016-11-24,57716.4108,900.14038086,30.404092278212413,,,,,,validated_spectrum,
data/organized_spectra/TIC318707987/220383386S-hi57716.92037i.fits,TIC318707987,,,HIRES: High Resolution Echelle Spectrometer,3167,2016-11-24,57716.4108,900.14038086,178.286394051236,,,,,,validated_spectrum,
data/organized_spectra/TIC318707987/220383386S-hi57716.92037r.fits,TIC318707987,,,HIRES: High Resolution Echelle Spectrometer,3167,2016-11-24,57716.4108,900.14038086,57.266083350076315,,,,,,validated_spectrum,
data/organized_spectra/TIC318707987/220383386S-hi57716.93003b.fits,TIC318707987,,,HIRES: High Resolution Echelle Spectrometer,3167,2016-11-24,57716.421711,900.10760498,29.1926137928785,,,,,,validated_spectrum,
data/organized_spectra/TIC318707987/220383386S-hi57716.93003i.fits,TIC318707987,,,HIRES: High Resolution Echelle Spectrometer,3167,2016-11-24,57716.421711,900.10760498,153.0215559666036,,,,,,validated_spectrum,
data/organized_spectra/TIC318707987/220383386S-hi57716.93003r.fits,TIC318707987,,,HIRES: High Resolution Echelle Spectrometer,3167,2016-11-24,57716.421711,900.10760498,54.58849655377656,,,,,,validated_spectrum,
data/organized_spectra/TIC318707987/220383386S-hi57717.77777b.fits,TIC318707987,,,HIRES: High Resolution Echelle Spectrometer,3167,2016-11-25,57717.270586,900.14160156,29.14110516428169,,,,,,validated_spectrum,
data/organized_spectra/TIC318707987/220383386S-hi57717.77777i.fits,TIC318707987,,,HIRES: High Resolution Echelle Spectrometer,3167,2016-11-25,57717.270586,900.14160156,163.8892957370559,,,,,,validated_spectrum,
data/organized_spectra/TIC318707987/220383386S-hi57717.77777r.fits,TIC318707987,,,HIRES: High Resolution Echelle Spectrometer,3167,2016-11-25,57717.270586,900.14160156,60.334390912413525,,,,,,validated_spectrum,
data/organized_spectra/TIC318707987/220383386S-hi57717.79700b.fits,TIC318707987,,,HIRES: High Resolution Echelle Spectrometer,3167,2016-11-25,57717.28948,600.08917236,30.437399664048847,,,,,,validated_spectrum,
data/organized_spectra/TIC318707987/220383386S-hi57717.79700i.fits,TIC318707987,,,HIRES: High Resolution Echelle Spectrometer,3167,2016-11-25,57717.28948,600.08917236,190.06851302343608,,,,,,validated_spectrum,
data/organized_spectra/TIC318707987/220383386S-hi57717.79700r.fits,TIC318707987,,,HIRES: High Resolution Echelle Spectrometer,3167,2016-11-25,57717.28948,600.08917236,60.7777223580792,,,,,,validated_spectrum,
data/organized_spectra/TIC318707987/220383386S-hi57745.79867b.fits,TIC318707987,,,HIRES: High Resolution Echelle Spectrometer,3167,2016-12-23,57745.295936,344.83517456,31.08206857336149,,,,,,validated_spectrum,
data/organized_spectra/TIC318707987/220383386S-hi57745.79867i.fits,TIC318707987,,,HIRES: High Resolution Echelle Spectrometer,3167,2016-12-23,57745.295936,344.83517456,192.79496960453105,,,,,,validated_spectrum,
data/organized_spectra/TIC318707987/220383386S-hi57745.79867r.fits,TIC318707987,,,HIRES: High Resolution Echelle Spectrometer,3167,2016-12-23,57745.295936,344.83517456,61.30735469536339,,,,,,validated_spectrum,
data/organized_spectra/TIC318707987/220383386S-hi57745.80304b.fits,TIC318707987,,,HIRES: High Resolution Echelle Spectrometer,3167,2016-12-23,57745.30042,322.10202026,30.97734301020486,,,,,,validated_spectrum,
data/organized_spectra/TIC318707987/220383386S-hi57745.80304i.fits,TIC318707987,,,HIRES: High Resolution Echelle Spectrometer,3167,2016-12-23,57745.30042,322.10202026,192.20781573135363,,,,,,validated_spectrum,
data/organized_spectra/TIC318707987/220383386S-hi57745.80304r.fits,TIC318707987,,,HIRES: High Resolution Echelle Spectrometer,3167,2016-12-23,57745.30042,322.10202026,60.36081020178119,,,,,,validated_spectrum,
data/organized_spectra/TIC318707987/220383386S-hi57745.80736b.fits,TIC318707987,,,HIRES: High Resolution Echelle Spectrometer,3167,2016-12-23,57745.30466,348.31237793,31.09184618576788,,,,,,validated_spectrum,
data/organized_spectra/TIC318707987/220383386S-hi57745.80736i.fits,TIC318707987,,,HIRES: High Resolution Echelle Spectrometer,3167,2016-12-23,57745.30466,348.31237793,193.62241137525592,,,,,,validated_spectrum,
data/organized_spectra/TIC318707987/220383386S-hi57745.80736r.fits,TIC318707987,,,HIRES: High Resolution Echelle Spectrometer,3167,2016-12-23,57745.30466,348.31237793,61.56502436168597,,,,,,validated_spectrum,
data/organized_spectra/TIC318707987/220383386S-hi57746.77540b.fits,TIC318707987,,,HIRES: High Resolution Echelle Spectrometer,3167,2016-12-24,57746.272789,326.29681396,30.749538757522306,,,,,,validated_spectrum,
data/organized_spectra/TIC318707987/220383386S-hi57746.77540i.fits,TIC318707987,,,HIRES: High Resolution Echelle Spectrometer,3167,2016-12-24,57746.272789,326.29681396,192.08903628476463,,,,,,validated_spectrum,
data/organized_spectra/TIC318707987/220383386S-hi57746.77540r.fits,TIC318707987,,,HIRES: High Resolution Echelle Spectrometer,3167,2016-12-24,57746.272789,326.29681396,59.17003692817566,,,,,,validated_spectrum,
data/organized_spectra/TIC318707987/220383386S-hi57746.77982b.fits,TIC318707987,,,HIRES: High Resolution Echelle Spectrometer,3167,2016-12-24,57746.277066,355.20159912,30.64114610738131,,,,,,validated_spectrum,
data/organized_spectra/TIC318707987/220383386S-hi57746.77982i.fits,TIC318707987,,,HIRES: High Resolution Echelle Spectrometer,3167,2016-12-24,57746.277066,355.20159912,191.35236484884257,,,,,,validated_spectrum,
data/organized_spectra/TIC318707987/220383386S-hi57746.77982r.fits,TIC318707987,,,HIRES: High Resolution Echelle Spectrometer,3167,2016-12-24,57746.277066,355.20159912,59.226653238519866,,,,,,validated_spectrum,
data/organized_spectra/TIC318707987/220383386S-hi57746.78447b.fits,TIC318707987,,,HIRES: High Resolution Echelle Spectrometer,3167,2016-12-24,57746.281688,358.14559937,30.95345372621007,,,,,,validated_spectrum,
data/organized_spectra/TIC318707987/220383386S-hi57746.78447i.fits,TIC318707987,,,HIRES: High Resolution Echelle Spectrometer,3167,2016-12-24,57746.281688,358.14559937,192.95925311127976,,,,,,validated_spectrum,
data/organized_spectra/TIC318707987/220383386S-hi57746.78447r.fits,TIC318707987,,,HIRES: High Resolution Echelle Spectrometer,3167,2016-12-24,57746.281688,358.14559937,59.88394123856537,,,,,,validated_spectrum,
data/organized_spectra/TIC318707987/220383386S-hi57747.79014b.fits,TIC318707987,,,HIRES: High Resolution Echelle Spectrometer,3167,2016-12-25,57747.28723,424.66400146,31.017244525927957,,,,,,validated_spectrum,
data/organized_spectra/TIC318707987/220383386S-hi57747.79014i.fits,TIC318707987,,,HIRES: High Resolution Echelle Spectrometer,3167,2016-12-25,57747.28723,424.66400146,201.56469471550824,,,,,,validated_spectrum,
data/organized_spectra/TIC318707987/220383386S-hi57747.79014r.fits,TIC318707987,,,HIRES: High Resolution Echelle Spectrometer,3167,2016-12-25,57747.28723,424.66400146,62.4285597114942,,,,,,validated_spectrum,
data/organized_spectra/TIC318707987/220383386S-hi57747.79555b.fits,TIC318707987,,,HIRES: High Resolution Echelle Spectrometer,3167,2016-12-25,57747.292636,412.6131897,30.98185063246249,,,,,,validated_spectrum,
data/organized_spectra/TIC318707987/220383386S-hi57747.79555i.fits,TIC318707987,,,HIRES: High Resolution Echelle Spectrometer,3167,2016-12-25,57747.292636,412.6131897,192.7822343715438,,,,,,validated_spectrum,
data/organized_spectra/TIC318707987/220383386S-hi57747.79555r.fits,TIC318707987,,,HIRES: High Resolution Echelle Spectrometer,3167,2016-12-25,57747.292636,412.6131897,60.82862667510575,,,,,,validated_spectrum,
data/organized_spectra/TIC318707987/220383386S-hi57747.80138b.fits,TIC318707987,,,HIRES: High Resolution Echelle Spectrometer,3167,2016-12-25,57747.297902,520.13684082,30.865797069156727,,,,,,validated_spectrum,
data/organized_spectra/TIC318707987/220383386S-hi57747.80138i.fits,TIC318707987,,,HIRES: High Resolution Echelle Spectrometer,3167,2016-12-25,57747.297902,520.13684082,199.04677551344923,,,,,,validated_spectrum,
data/organized_spectra/TIC318707987/220383386S-hi57747.80138r.fits,TIC318707987,,,HIRES: High Resolution Echelle Spectrometer,3167,2016-12-25,57747.297902,520.13684082,63.99956702656493,,,,,,validated_spectrum,
data/organized_spectra/TIC318707987/220383386S-hi57761.72902b.fits,TIC318707987,,,HIRES: High Resolution Echelle Spectrometer,3167,2017-01-08,57761.228086,300.91918945,31.016053618596043,,,,,,validated_spectrum,
data/organized_spectra/TIC318707987/220383386S-hi57761.72902i.fits,TIC318707987,,,HIRES: High Resolution Echelle Spectrometer,3167,2017-01-08,57761.228086,300.91918945,199.36703598236585,,,,,,validated_spectrum,
data/organized_spectra/TIC318707987/220383386S-hi57761.72902r.fits,TIC318707987,,,HIRES: High Resolution Echelle Spectrometer,3167,2017-01-08,57761.228086,300.91918945,58.80953729255879,,,,,,validated_spectrum,
data/organized_spectra/TIC318707987/220383386S-hi57761.73296b.fits,TIC318707987,,,HIRES: High Resolution Echelle Spectrometer,3167,2017-01-08,57761.232071,294.13238525,31.292530124038088,,,,,,validated_spectrum,
data/organized_spectra/TIC318707987/220383386S-hi57761.73296i.fits,TIC318707987,,,HIRES: High Resolution Echelle Spectrometer,3167,2017-01-08,57761.232071,294.13238525,185.55740608666153,,,,,,validated_spectrum,
data/organized_spectra/TIC318707987/220383386S-hi57761.73296r.fits,TIC318707987,,,HIRES: High Resolution Echelle Spectrometer,3167,2017-01-08,57761.232071,294.13238525,59.75335174032559,,,,,,validated_spectrum,
data/organized_spectra/TIC318707987/220383386S-hi57761.73690b.fits,TIC318707987,,,HIRES: High Resolution Echelle Spectrometer,3167,2017-01-08,57761.235987,298.4803772,30.485325548469422,,,,,,validated_spectrum,
data/organized_spectra/TIC318707987/220383386S-hi57761.73690i.fits,TIC318707987,,,HIRES: High Resolution Echelle Spectrometer,3167,2017-01-08,57761.235987,298.4803772,186.97816175363047,,,,,,validated_spectrum,
data/organized_spectra/TIC318707987/220383386S-hi57761.73690r.fits,TIC318707987,,,HIRES: High Resolution Echelle Spectrometer,3167,2017-01-08,57761.235987,298.4803772,57.620349673329045,,,,,,validated_spectrum,
data/organized_spectra/TIC318707987/220383386S-hi57763.69926b.fits,TIC318707987,,,HIRES: High Resolution Echelle Spectrometer,3167,2017-01-10,57763.199013,222.168396,29.595577626608943,,,,,,validated_spectrum,
data/organized_spectra/TIC318707987/220383386S-hi57763.69926i.fits,TIC318707987,,,HIRES: High Resolution Echelle Spectrometer,3167,2017-01-10,57763.199013,222.168396,168.86901424933913,,,,,,validated_spectrum,
data/organized_spectra/TIC318707987/220383386S-hi57763.69926r.fits,TIC318707987,,,HIRES: High Resolution Echelle Spectrometer,3167,2017-01-10,57763.199013,222.168396,50.19933677892114,,,,,,validated_spectrum,
data/organized_spectra/TIC318707987/220383386S-hi57763.70233b.fits,TIC318707987,,,HIRES: High Resolution Echelle Spectrometer,3167,2017-01-10,57763.202087,221.05119324,29.96574080063111,,,,,,validated_spectrum,
data/organized_spectra/TIC318707987/220383386S-hi57763.70233i.fits,TIC318707987,,,HIRES: High Resolution Echelle Spectrometer,3167,2017-01-10,57763.202087,221.05119324,167.97342301529892,,,,,,validated_spectrum,
data/organized_spectra/TIC318707987/220383386S-hi57763.70233r.fits,TIC318707987,,,HIRES: High Resolution Echelle Spectrometer,3167,2017-01-10,57763.202087,221.05119324,51.06082574590066,,,,,,validated_spectrum,
data/organized_spectra/TIC318707987/220383386S-hi57763.70541b.fits,TIC318707987,,,HIRES: High Resolution Echelle Spectrometer,3167,2017-01-10,57763.205153,228.4776001,29.669385481025117,,,,,,validated_spectrum,
data/organized_spectra/TIC318707987/220383386S-hi57763.70541i.fits,TIC318707987,,,HIRES: High Resolution Echelle Spectrometer,3167,2017-01-10,57763.205153,228.4776001,167.31466477678003,,,,,,validated_spectrum,
data/organized_spectra/TIC318707987/220383386S-hi57763.70541r.fits,TIC318707987,,,HIRES: High Resolution Echelle Spectrometer,3167,2017-01-10,57763.205153,228.4776001,49.606585000561296,,,,,,validated_spectrum,
data/organized_spectra/TIC318707987/220383386S-hi57764.71276b.fits,TIC318707987,,,HIRES: High Resolution Echelle Spectrometer,3167,2017-01-11,57764.211832,344.668396,30.91342577696636,,,,,,validated_spectrum,
data/organized_spectra/TIC318707987/220383386S-hi57764.71276i.fits,TIC318707987,,,HIRES: High Resolution Echelle Spectrometer,3167,2017-01-11,57764.211832,344.668396,193.4876695964626,,,,,,validated_spectrum,
data/organized_spectra/TIC318707987/220383386S-hi57764.71276r.fits,TIC318707987,,,HIRES: High Resolution Echelle Spectrometer,3167,2017-01-11,57764.211832,344.668396,58.34657650914328,,,,,,validated_spectrum,
data/organized_spectra/TIC318707987/220383386S-hi57764.71700b.fits,TIC318707987,,,HIRES: High Resolution Echelle Spectrometer,3167,2017-01-11,57764.216333,312.05322266,30.309195066238484,,,,,,validated_spectrum,
data/organized_spectra/TIC318707987/220383386S-hi57764.71700i.fits,TIC318707987,,,HIRES: High Resolution Echelle Spectrometer,3167,2017-01-11,57764.216333,312.05322266,190.31174392681075,,,,,,validated_spectrum,
data/organized_spectra/TIC318707987/220383386S-hi57764.71700r.fits,TIC318707987,,,HIRES: High Resolution Echelle Spectrometer,3167,2017-01-11,57764.216333,312.05322266,57.998334728153175,,,,,,validated_spectrum,
data/organized_spectra/TIC318707987/220383386S-hi57764.72085b.fits,TIC318707987,,,HIRES: High Resolution Echelle Spectrometer,3167,2017-01-11,57764.220443,274.57757568,30.62370078026959,,,,,,validated_spectrum,
data/organized_spectra/TIC318707987/220383386S-hi57764.72085i.fits,TIC318707987,,,HIRES: High Resolution Echelle Spectrometer,3167,2017-01-11,57764.220443,274.57757568,183.8587426306364,,,,,,validated_spectrum,
data/organized_spectra/TIC318707987/220383386S-hi57764.72085r.fits,TIC318707987,,,HIRES: High Resolution Echelle Spectrometer,3167,2017-01-11,57764.220443,274.57757568,56.90237092984802,,,,,,validated_spectrum,
data/organized_spectra/TIC318707987/220383386S-hi57765.70365b.fits,TIC318707987,,,HIRES: High Resolution Echelle Spectrometer,3167,2017-01-12,57765.202908,500.13638306,29.803444233758302,,,,,,validated_spectrum,
data/organized_spectra/TIC318707987/220383386S-hi57765.70365i.fits,TIC318707987,,,HIRES: High Resolution Echelle Spectrometer,3167,2017-01-12,57765.202908,500.13638306,161.5712644043472,,,,,,validated_spectrum,
data/organized_spectra/TIC318707987/220383386S-hi57765.70365r.fits,TIC318707987,,,HIRES: High Resolution Echelle Spectrometer,3167,2017-01-12,57765.202908,500.13638306,57.81248405437144,,,,,,validated_spectrum,
data/organized_spectra/TIC318707987/220383386S-hi57765.72344b.fits,TIC318707987,,,HIRES: High Resolution Echelle Spectrometer,3167,2017-01-12,57765.222509,416.01400757,30.43608699703996,,,,,,validated_spectrum,
data/organized_spectra/TIC318707987/220383386S-hi57765.72344i.fits,TIC318707987,,,HIRES: High Resolution Echelle Spectrometer,3167,2017-01-12,57765.222509,416.01400757,194.74430501437337,,,,,,validated_spectrum,
data/organized_spectra/TIC318707987/220383386S-hi57765.72344r.fits,TIC318707987,,,HIRES: High Resolution Echelle Spectrometer,3167,2017-01-12,57765.222509,416.01400757,60.00234793493357,,,,,,validated_spectrum,
data/organized_spectra/TIC318707987/220383386S-hi57765.72921b.fits,TIC318707987,,,HIRES: High Resolution Echelle Spectrometer,3167,2017-01-12,57765.227822,429.33081055,30.334529323917977,,,,,,validated_spectrum,
data/organized_spectra/TIC318707987/220383386S-hi57765.72921i.fits,TIC318707987,,,HIRES: High Resolution Echelle Spectrometer,3167,2017-01-12,57765.227822,429.33081055,185.54241443914057,,,,,,validated_spectrum,
data/organized_spectra/TIC318707987/220383386S-hi57765.72921r.fits,TIC318707987,,,HIRES: High Resolution Echelle Spectrometer,3167,2017-01-12,57765.227822,429.33081055,60.76181013121418,,,,,,validated_spectrum,
data/organized_spectra/TIC318707987/220383386S-hi57774.70830b.fits,TIC318707987,,,HIRES: High Resolution Echelle Spectrometer,3167,2017-01-21,57774.208846,267.08679199,29.912709052957013,,,,,,validated_spectrum,
data/organized_spectra/TIC318707987/220383386S-hi57774.70830i.fits,TIC318707987,,,HIRES: High Resolution Echelle Spectrometer,3167,2017-01-21,57774.208846,267.08679199,179.26374829116276,,,,,,validated_spectrum,
data/organized_spectra/TIC318707987/220383386S-hi57774.70830r.fits,TIC318707987,,,HIRES: High Resolution Echelle Spectrometer,3167,2017-01-21,57774.208846,267.08679199,54.35083133833654,,,,,,validated_spectrum,
data/organized_spectra/TIC318707987/220383386S-hi57774.71225b.fits,TIC318707987,,,HIRES: High Resolution Echelle Spectrometer,3167,2017-01-21,57774.212617,304.17880249,30.565306861831267,,,,,,validated_spectrum,
data/organized_spectra/TIC318707987/220383386S-hi57774.71225i.fits,TIC318707987,,,HIRES: High Resolution Echelle Spectrometer,3167,2017-01-21,57774.212617,304.17880249,189.78350294252795,,,,,,validated_spectrum,
data/organized_spectra/TIC318707987/220383386S-hi57774.71225r.fits,TIC318707987,,,HIRES: High Resolution Echelle Spectrometer,3167,2017-01-21,57774.212617,304.17880249,57.61549274481855,,,,,,validated_spectrum,
data/organized_spectra/TIC318707987/220383386S-hi57774.71636b.fits,TIC318707987,,,HIRES: High Resolution Echelle Spectrometer,3167,2017-01-21,57774.216634,325.08560181,30.116287863874895,,,,,,validated_spectrum,
data/organized_spectra/TIC318707987/220383386S-hi57774.71636i.fits,TIC318707987,,,HIRES: High Resolution Echelle Spectrometer,3167,2017-01-21,57774.216634,325.08560181,191.9255953688462,,,,,,validated_spectrum,
data/organized_spectra/TIC318707987/220383386S-hi57774.71636r.fits,TIC318707987,,,HIRES: High Resolution Echelle Spectrometer,3167,2017-01-21,57774.216634,325.08560181,57.84925227645628,,,,,,validated_spectrum,
data/organized_spectra/TIC318707987/220383386S-hi57775.70583b.fits,TIC318707987,,,HIRES: High Resolution Echelle Spectrometer,3167,2017-01-22,57775.206468,264.4524231,30.355815196649775,,,,,,validated_spectrum,
data/organized_spectra/TIC318707987/220383386S-hi57775.70583i.fits,TIC318707987,,,HIRES: High Resolution Echelle Spectrometer,3167,2017-01-22,57775.206468,264.4524231,191.18092987147563,,,,,,validated_spectrum,
data/organized_spectra/TIC318707987/220383386S-hi57775.70583r.fits,TIC318707987,,,HIRES: High Resolution Echelle Spectrometer,3167,2017-01-22,57775.206468,264.4524231,56.71874480439581,,,,,,validated_spectrum,
data/organized_spectra/TIC318707987/220383386S-hi57775.70939b.fits,TIC318707987,,,HIRES: High Resolution Echelle Spectrometer,3167,2017-01-22,57775.210022,271.95199585,30.22357501065651,,,,,,validated_spectrum,
data/organized_spectra/TIC318707987/220383386S-hi57775.70939i.fits,TIC318707987,,,HIRES: High Resolution Echelle Spectrometer,3167,2017-01-22,57775.210022,271.95199585,186.90647877696773,,,,,,validated_spectrum,
data/organized_spectra/TIC318707987/220383386S-hi57775.70939r.fits,TIC318707987,,,HIRES: High Resolution Echelle Spectrometer,3167,2017-01-22,57775.210022,271.95199585,56.855103806347614,,,,,,validated_spectrum,
data/organized_spectra/TIC318707987/220383386S-hi57775.71314b.fits,TIC318707987,,,HIRES: High Resolution Echelle Spectrometer,3167,2017-01-22,57775.213673,288.07800293,30.66358661170669,,,,,,validated_spectrum,
data/organized_spectra/TIC318707987/220383386S-hi57775.71314i.fits,TIC318707987,,,HIRES: High Resolution Echelle Spectrometer,3167,2017-01-22,57775.213673,288.07800293,192.46725027143708,,,,,,validated_spectrum,
data/organized_spectra/TIC318707987/220383386S-hi57775.71314r.fits,TIC318707987,,,HIRES: High Resolution Echelle Spectrometer,3167,2017-01-22,57775.213673,288.07800293,58.41574622117942,,,,,,validated_spectrum,
data/organized_spectra/TIC318707987/220383386S-hi57788.71003b.fits,TIC318707987,,,HIRES: High Resolution Echelle Spectrometer,3167,2017-02-04,57788.211306,365.81359863,30.804586587576715,,,,,,validated_spectrum,
data/organized_spectra/TIC318707987/220383386S-hi57788.71003i.fits,TIC318707987,,,HIRES: High Resolution Echelle Spectrometer,3167,2017-02-04,57788.211306,365.81359863,196.6351596540544,,,,,,validated_spectrum,
data/organized_spectra/TIC318707987/220383386S-hi57788.71003r.fits,TIC318707987,,,HIRES: High Resolution Echelle Spectrometer,3167,2017-02-04,57788.211306,365.81359863,59.097897377821965,,,,,,validated_spectrum,
data/organized_spectra/TIC318707987/220383386S-hi57788.71492b.fits,TIC318707987,,,HIRES: High Resolution Echelle Spectrometer,3167,2017-02-04,57788.216021,389.27038574,30.7686929545633,,,,,,validated_spectrum,
data/organized_spectra/TIC318707987/220383386S-hi57788.71492i.fits,TIC318707987,,,HIRES: High Resolution Echelle Spectrometer,3167,2017-02-04,57788.216021,389.27038574,198.49725725641707,,,,,,validated_spectrum,
data/organized_spectra/TIC318707987/220383386S-hi57788.71492r.fits,TIC318707987,,,HIRES: High Resolution Echelle Spectrometer,3167,2017-02-04,57788.216021,389.27038574,60.889830178699725,,,,,,validated_spectrum,
data/organized_spectra/TIC318707987/220383386S-hi57788.71983b.fits,TIC318707987,,,HIRES: High Resolution Echelle Spectrometer,3167,2017-02-04,57788.221018,366.58599854,30.167923141804565,,,,,,validated_spectrum,
data/organized_spectra/TIC318707987/220383386S-hi57788.71983i.fits,TIC318707987,,,HIRES: High Resolution Echelle Spectrometer,3167,2017-02-04,57788.221018,366.58599854,192.9937655212441,,,,,,validated_spectrum,
data/organized_spectra/TIC318707987/220383386S-hi57788.71983r.fits,TIC318707987,,,HIRES: High Resolution Echelle Spectrometer,3167,2017-02-04,57788.221018,366.58599854,59.58605232646008,,,,,,validated_spectrum,
data/organized_spectra/TIC318707987/220383386S-hi57789.70828b.fits,TIC318707987,,,HIRES: High Resolution Echelle Spectrometer,3167,2017-02-05,57789.210035,290.05358887,30.41040094715153,,,,,,validated_spectrum,
data/organized_spectra/TIC318707987/220383386S-hi57789.70828i.fits,TIC318707987,,,HIRES: High Resolution Echelle Spectrometer,3167,2017-02-05,57789.210035,290.05358887,185.30153125185564,,,,,,validated_spectrum,
data/organized_spectra/TIC318707987/220383386S-hi57789.70828r.fits,TIC318707987,,,HIRES: High Resolution Echelle Spectrometer,3167,2017-02-05,57789.210035,290.05358887,55.68673072510599,,,,,,validated_spectrum,
data/organized_spectra/TIC318707987/220383386S-hi57789.71211b.fits,TIC318707987,,,HIRES: High Resolution Echelle Spectrometer,3167,2017-02-05,57789.213887,285.40280151,30.37474644118386,,,,,,validated_spectrum,
data/organized_spectra/TIC318707987/220383386S-hi57789.71211i.fits,TIC318707987,,,HIRES: High Resolution Echelle Spectrometer,3167,2017-02-05,57789.213887,285.40280151,188.98610280562212,,,,,,validated_spectrum,
data/organized_spectra/TIC318707987/220383386S-hi57789.71211r.fits,TIC318707987,,,HIRES: High Resolution Echelle Spectrometer,3167,2017-02-05,57789.213887,285.40280151,55.746834241606166,,,,,,validated_spectrum,
data/organized_spectra/TIC318707987/220383386S-hi57789.71601b.fits,TIC318707987,,,HIRES: High Resolution Echelle Spectrometer,3167,2017-02-05,57789.217681,298.11880493,29.82485893472496,,,,,,validated_spectrum,
data/organized_spectra/TIC318707987/220383386S-hi57789.71601i.fits,TIC318707987,,,HIRES: High Resolution Echelle Spectrometer,3167,2017-02-05,57789.217681,298.11880493,188.89316582924533,,,,,,validated_spectrum,
data/organized_spectra/TIC318707987/220383386S-hi57789.71601r.fits,TIC318707987,,,HIRES: High Resolution Echelle Spectrometer,3167,2017-02-05,57789.217681,298.11880493,57.45319462395916,,,,,,validated_spectrum,
data/organized_spectra/TIC318707987/220383386S-hi57790.71069b.fits,TIC318707987,,,HIRES: High Resolution Echelle Spectrometer,3167,2017-02-06,57790.21229,332.6711731,30.587905322964605,,,,,,validated_spectrum,
data/organized_spectra/TIC318707987/220383386S-hi57790.71069i.fits,TIC318707987,,,HIRES: High Resolution Echelle Spectrometer,3167,2017-02-06,57790.21229,332.6711731,194.6056306068934,,,,,,validated_spectrum,
data/organized_spectra/TIC318707987/220383386S-hi57790.71069r.fits,TIC318707987,,,HIRES: High Resolution Echelle Spectrometer,3167,2017-02-06,57790.21229,332.6711731,59.18717439933363,,,,,,validated_spectrum,
data/organized_spectra/TIC318707987/220383386S-hi57790.71506b.fits,TIC318707987,,,HIRES: High Resolution Echelle Spectrometer,3167,2017-02-06,57790.216646,332.32879639,30.4549556704243,,,,,,validated_spectrum,
data/organized_spectra/TIC318707987/220383386S-hi57790.71506i.fits,TIC318707987,,,HIRES: High Resolution Echelle Spectrometer,3167,2017-02-06,57790.216646,332.32879639,191.87435845562536,,,,,,validated_spectrum,
data/organized_spectra/TIC318707987/220383386S-hi57790.71506r.fits,TIC318707987,,,HIRES: High Resolution Echelle Spectrometer,3167,2017-02-06,57790.216646,332.32879639,58.970307702376616,,,,,,validated_spectrum,
data/organized_spectra/TIC318707987/220383386S-hi57790.71952b.fits,TIC318707987,,,HIRES: High Resolution Echelle Spectrometer,3167,2017-02-06,57790.220982,341.31039429,30.824535448817468,,,,,,validated_spectrum,
data/organized_spectra/TIC318707987/220383386S-hi57790.71952i.fits,TIC318707987,,,HIRES: High Resolution Echelle Spectrometer,3167,2017-02-06,57790.220982,341.31039429,191.79152871124597,,,,,,validated_spectrum,
data/organized_spectra/TIC318707987/220383386S-hi57790.71952r.fits,TIC318707987,,,HIRES: High Resolution Echelle Spectrometer,3167,2017-02-06,57790.220982,341.31039429,59.22296627466511,,,,,,validated_spectrum,
data/organized_spectra/TIC318707987/220383386S-hi57791.71144b.fits,TIC318707987,,,HIRES: High Resolution Echelle Spectrometer,3167,2017-02-07,57791.21274,393.62921143,31.177285413637836,,,,,,validated_spectrum,
data/organized_spectra/TIC318707987/220383386S-hi57791.71144i.fits,TIC318707987,,,HIRES: High Resolution Echelle Spectrometer,3167,2017-02-07,57791.21274,393.62921143,192.78682778944045,,,,,,validated_spectrum,
data/organized_spectra/TIC318707987/220383386S-hi57791.71144r.fits,TIC318707987,,,HIRES: High Resolution Echelle Spectrometer,3167,2017-02-07,57791.21274,393.62921143,58.79430290985162,,,,,,validated_spectrum,
data/organized_spectra/TIC318707987/220383386S-hi57791.71644b.fits,TIC318707987,,,HIRES: High Resolution Echelle Spectrometer,3167,2017-02-07,57791.217791,391.8631897,30.450111319504845,,,,,,validated_spectrum,
data/organized_spectra/TIC318707987/220383386S-hi57791.71644i.fits,TIC318707987,,,HIRES: High Resolution Echelle Spectrometer,3167,2017-02-07,57791.217791,391.8631897,192.10800523832253,,,,,,validated_spectrum,
data/organized_spectra/TIC318707987/220383386S-hi57791.71644r.fits,TIC318707987,,,HIRES: High Resolution Echelle Spectrometer,3167,2017-02-07,57791.217791,391.8631897,59.939189664036405,,,,,,validated_spectrum,
data/organized_spectra/TIC318707987/220383386S-hi57791.72139b.fits,TIC318707987,,,HIRES: High Resolution Echelle Spectrometer,3167,2017-02-07,57791.22283,368.71679688,30.59665360989676,,,,,,validated_spectrum,
data/organized_spectra/TIC318707987/220383386S-hi57791.72139i.fits,TIC318707987,,,HIRES: High Resolution Echelle Spectrometer,3167,2017-02-07,57791.22283,368.71679688,193.3429452272076,,,,,,validated_spectrum,
data/organized_spectra/TIC318707987/220383386S-hi57791.72139r.fits,TIC318707987,,,HIRES: High Resolution Echelle Spectrometer,3167,2017-02-07,57791.22283,368.71679688,58.482619256596934,,,,,,validated_spectrum,
data/organized_spectra/TIC318707987/220383386S-hi57802.70843b.fits,TIC318707987,,,HIRES: High Resolution Echelle Spectrometer,ThAr,2017-02-18,57802.211027,320.00158691,30.21532515079876,,,,,,validated_spectrum,
data/organized_spectra/TIC318707987/220383386S-hi57802.70843i.fits,TIC318707987,,,HIRES: High Resolution Echelle Spectrometer,ThAr,2017-02-18,57802.211027,320.00158691,187.9212744077295,,,,,,validated_spectrum,
data/organized_spectra/TIC318707987/220383386S-hi57802.70843r.fits,TIC318707987,,,HIRES: High Resolution Echelle Spectrometer,ThAr,2017-02-18,57802.211027,320.00158691,57.96221948031696,,,,,,validated_spectrum,
data/organized_spectra/TIC318707987/220383386S-hi57802.71294b.fits,TIC318707987,,,HIRES: High Resolution Echelle Spectrometer,ThAr,2017-02-18,57802.215244,362.7460022,30.910390673807026,,,,,,validated_spectrum,
data/organized_spectra/TIC318707987/220383386S-hi57802.71294i.fits,TIC318707987,,,HIRES: High Resolution Echelle Spectrometer,ThAr,2017-02-18,57802.215244,362.7460022,195.75033327158133,,,,,,validated_spectrum,
data/organized_spectra/TIC318707987/220383386S-hi57802.71294r.fits,TIC318707987,,,HIRES: High Resolution Echelle Spectrometer,ThAr,2017-02-18,57802.215244,362.7460022,60.18987253102961,,,,,,validated_spectrum,
data/organized_spectra/TIC318707987/220383386S-hi57802.71777b.fits,TIC318707987,,,HIRES: High Resolution Echelle Spectrometer,ThAr,2017-02-18,57802.21995,369.39559937,30.52215981105618,,,,,,validated_spectrum,
data/organized_spectra/TIC318707987/220383386S-hi57802.71777i.fits,TIC318707987,,,HIRES: High Resolution Echelle Spectrometer,ThAr,2017-02-18,57802.21995,369.39559937,203.1636910647817,,,,,,validated_spectrum,
data/organized_spectra/TIC318707987/220383386S-hi57802.71777r.fits,TIC318707987,,,HIRES: High Resolution Echelle Spectrometer,ThAr,2017-02-18,57802.21995,369.39559937,60.09412910323097,,,,,,validated_spectrum,
data/organized_spectra/TIC318707987/220383386S-hi57803.70965b.fits,TIC318707987,,,HIRES: High Resolution Echelle Spectrometer,ThAr,2017-02-19,57803.212098,355.66238403,30.8106886893736,,,,,,validated_spectrum,
data/organized_spectra/TIC318707987/220383386S-hi57803.70965i.fits,TIC318707987,,,HIRES: High Resolution Echelle Spectrometer,ThAr,2017-02-19,57803.212098,355.66238403,194.82148460894757,,,,,,validated_spectrum,
data/organized_spectra/TIC318707987/220383386S-hi57803.70965r.fits,TIC318707987,,,HIRES: High Resolution Echelle Spectrometer,ThAr,2017-02-19,57803.212098,355.66238403,58.4688678610197,,,,,,validated_spectrum,
data/organized_spectra/TIC318707987/220383386S-hi57803.71446b.fits,TIC318707987,,,HIRES: High Resolution Echelle Spectrometer,ThAr,2017-02-19,57803.216709,394.20318604,30.615512285177125,,,,,,validated_spectrum,
data/organized_spectra/TIC318707987/220383386S-hi57803.71446i.fits,TIC318707987,,,HIRES: High Resolution Echelle Spectrometer,ThAr,2017-02-19,57803.216709,394.20318604,197.83608391638455,,,,,,validated_spectrum,
data/organized_spectra/TIC318707987/220383386S-hi57803.71446r.fits,TIC318707987,,,HIRES: High Resolution Echelle Spectrometer,ThAr,2017-02-19,57803.216709,394.20318604,59.01679561865191,,,,,,validated_spectrum,
data/organized_spectra/TIC318707987/220383386S-hi57803.71962b.fits,TIC318707987,,,HIRES: High Resolution Echelle Spectrometer,ThAr,2017-02-19,57803.221771,376.7460022,30.42001654500265,,,,,,validated_spectrum,
data/organized_spectra/TIC318707987/220383386S-hi57803.71962i.fits,TIC318707987,,,HIRES: High Resolution Echelle Spectrometer,ThAr,2017-02-19,57803.221771,376.7460022,197.4928833917134,,,,,,validated_spectrum,
data/organized_spectra/TIC318707987/220383386S-hi57803.71962r.fits,TIC318707987,,,HIRES: High Resolution Echelle Spectrometer,ThAr,2017-02-19,57803.221771,376.7460022,58.74100414969762,,,,,,validated_spectrum,
data/organized_spectra/TIC318707987/220383386S-hi57804.71306b.fits,TIC318707987,,,HIRES: High Resolution Echelle Spectrometer,ThAr2,2017-02-20,57804.214718,500.10238647,28.258750785382784,,,,,,validated_spectrum,
data/organized_spectra/TIC318707987/220383386S-hi57804.71306i.fits,TIC318707987,,,HIRES: High Resolution Echelle Spectrometer,ThAr2,2017-02-20,57804.214718,500.10238647,165.75606410221863,,,,,,validated_spectrum,
data/organized_spectra/TIC318707987/220383386S-hi57804.71306r.fits,TIC318707987,,,HIRES: High Resolution Echelle Spectrometer,ThAr2,2017-02-20,57804.214718,500.10238647,60.50173790830018,,,,,,validated_spectrum,
data/organized_spectra/TIC318707987/220383386S-hi57909.10571b.fits,TIC318707987,,,HIRES: High Resolution Echelle Spectrometer,3167,2017-06-04,57908.606627,301.32879639,30.13146409628369,,,,,,validated_spectrum,
data/organized_spectra/TIC318707987/220383386S-hi57909.10571i.fits,TIC318707987,,,HIRES: High Resolution Echelle Spectrometer,3167,2017-06-04,57908.606627,301.32879639,191.22028453697985,,,,,,validated_spectrum,
data/organized_spectra/TIC318707987/220383386S-hi57909.10571r.fits,TIC318707987,,,HIRES: High Resolution Echelle Spectrometer,3167,2017-06-04,57908.606627,301.32879639,55.95297767684194,,,,,,validated_spectrum,
data/organized_spectra/TIC318707987/220383386S-hi57909.10998b.fits,TIC318707987,,,HIRES: High Resolution Echelle Spectrometer,3167,2017-06-04,57908.610624,326.50198364,29.857050391009757,,,,,,validated_spectrum,
data/organized_spectra/TIC318707987/220383386S-hi57909.10998i.fits,TIC318707987,,,HIRES: High Resolution Echelle Spectrometer,3167,2017-06-04,57908.610624,326.50198364,188.13078800916617,,,,,,validated_spectrum,
data/organized_spectra/TIC318707987/220383386S-hi57909.10998r.fits,TIC318707987,,,HIRES: High Resolution Echelle Spectrometer,3167,2017-06-04,57908.610624,326.50198364,55.97652408388914,,,,,,validated_spectrum,
data/organized_spectra/TIC318707987/220383386S-hi57909.11419b.fits,TIC318707987,,,HIRES: High Resolution Echelle Spectrometer,3167,2017-06-04,57908.614902,323.51797485,29.824583605111297,,,,,,validated_spectrum,
data/organized_spectra/TIC318707987/220383386S-hi57909.11419i.fits,TIC318707987,,,HIRES: High Resolution Echelle Spectrometer,3167,2017-06-04,57908.614902,323.51797485,183.6809251195276,,,,,,validated_spectrum,
data/organized_spectra/TIC318707987/220383386S-hi57909.11419r.fits,TIC318707987,,,HIRES: High Resolution Echelle Spectrometer,3167,2017-06-04,57908.614902,323.51797485,54.58179316993313,,,,,,validated_spectrum,
data/organized_spectra/TIC318707987/220383386S-hi57910.11257b.fits,TIC318707987,,,HIRES: High Resolution Echelle Spectrometer,3167,2017-06-05,57909.61355,263.66918945,30.044269454466715,,,,,,validated_spectrum,
data/organized_spectra/TIC318707987/220383386S-hi57910.11257i.fits,TIC318707987,,,HIRES: High Resolution Echelle Spectrometer,3167,2017-06-05,57909.61355,263.66918945,182.2158852875114,,,,,,validated_spectrum,
data/organized_spectra/TIC318707987/220383386S-hi57910.11257r.fits,TIC318707987,,,HIRES: High Resolution Echelle Spectrometer,3167,2017-06-05,57909.61355,263.66918945,52.8169324890824,,,,,,validated_spectrum,
data/organized_spectra/TIC318707987/220383386S-hi57910.11611b.fits,TIC318707987,,,HIRES: High Resolution Echelle Spectrometer,3167,2017-06-05,57909.617105,257.68682861,29.97409516995613,,,,,,validated_spectrum,
data/organized_spectra/TIC318707987/220383386S-hi57910.11611i.fits,TIC318707987,,,HIRES: High Resolution Echelle Spectrometer,3167,2017-06-05,57909.617105,257.68682861,179.8090445652076,,,,,,validated_spectrum,
data/organized_spectra/TIC318707987/220383386S-hi57910.11611r.fits,TIC318707987,,,HIRES: High Resolution Echelle Spectrometer,3167,2017-06-05,57909.617105,257.68682861,52.15385363257158,,,,,,validated_spectrum,
data/organized_spectra/TIC318707987/220383386S-hi57910.11950b.fits,TIC318707987,,,HIRES: High Resolution Echelle Spectrometer,3167,2017-06-05,57909.620591,243.64360046,29.942886754993395,,,,,,validated_spectrum,
data/organized_spectra/TIC318707987/220383386S-hi57910.11950i.fits,TIC318707987,,,HIRES: High Resolution Echelle Spectrometer,3167,2017-06-05,57909.620591,243.64360046,181.01322405607672,,,,,,validated_spectrum,
data/organized_spectra/TIC318707987/220383386S-hi57910.11950r.fits,TIC318707987,,,HIRES: High Resolution Echelle Spectrometer,3167,2017-06-05,57909.620591,243.64360046,51.01306651119428,,,,,,validated_spectrum,
data/organized_spectra/TIC318707987/220383386S-hi57913.10436b.fits,TIC318707987,,,HIRES: High Resolution Echelle Spectrometer,3167,2017-06-08,57912.604567,337.06838989,30.29327411471577,,,,,,validated_spectrum,
data/organized_spectra/TIC318707987/220383386S-hi57913.10436i.fits,TIC318707987,,,HIRES: High Resolution Echelle Spectrometer,3167,2017-06-08,57912.604567,337.06838989,193.10358580855208,,,,,,validated_spectrum,
data/organized_spectra/TIC318707987/220383386S-hi57913.10436r.fits,TIC318707987,,,HIRES: High Resolution Echelle Spectrometer,3167,2017-06-08,57912.604567,337.06838989,56.52050111877759,,,,,,validated_spectrum,
data/organized_spectra/TIC318707987/220383386S-hi57913.10841b.fits,TIC318707987,,,HIRES: High Resolution Echelle Spectrometer,3167,2017-06-08,57912.608968,288.51199341,30.35591693609423,,,,,,validated_spectrum,
data/organized_spectra/TIC318707987/220383386S-hi57913.10841i.fits,TIC318707987,,,HIRES: High Resolution Echelle Spectrometer,3167,2017-06-08,57912.608968,288.51199341,189.00892913518,,,,,,validated_spectrum,
data/organized_spectra/TIC318707987/220383386S-hi57913.10841r.fits,TIC318707987,,,HIRES: High Resolution Echelle Spectrometer,3167,2017-06-08,57912.608968,288.51199341,55.10027171917977,,,,,,validated_spectrum,
data/organized_spectra/TIC318707987/220383386S-hi57913.11246b.fits,TIC318707987,,,HIRES: High Resolution Echelle Spectrometer,3167,2017-06-08,57912.61281,330.17840576,30.281785460902668,,,,,,validated_spectrum,
data/organized_spectra/TIC318707987/220383386S-hi57913.11246i.fits,TIC318707987,,,HIRES: High Resolution Echelle Spectrometer,3167,2017-06-08,57912.61281,330.17840576,187.30597734944104,,,,,,validated_spectrum,
data/organized_spectra/TIC318707987/220383386S-hi57913.11246r.fits,TIC318707987,,,HIRES: High Resolution Echelle Spectrometer,3167,2017-06-08,57912.61281,330.17840576,56.86714621220112,,,,,,validated_spectrum,
data/organized_spectra/TIC318707987/220383386S-hi57925.09431b.fits,TIC318707987,,,HIRES: High Resolution Echelle Spectrometer,3167,2017-06-20,57924.593542,329.56921387,30.89123801824383,,,,,,validated_spectrum,
data/organized_spectra/TIC318707987/220383386S-hi57925.09431i.fits,TIC318707987,,,HIRES: High Resolution Echelle Spectrometer,3167,2017-06-20,57924.593542,329.56921387,197.55609837594545,,,,,,validated_spectrum,
data/organized_spectra/TIC318707987/220383386S-hi57925.09431r.fits,TIC318707987,,,HIRES: High Resolution Echelle Spectrometer,3167,2017-06-20,57924.593542,329.56921387,60.14839003258144,,,,,,validated_spectrum,
data/organized_spectra/TIC318707987/220383386S-hi57925.09867b.fits,TIC318707987,,,HIRES: High Resolution Echelle Spectrometer,3167,2017-06-20,57924.597866,323.69598389,31.304977884071384,,,,,,validated_spectrum,
data/organized_spectra/TIC318707987/220383386S-hi57925.09867i.fits,TIC318707987,,,HIRES: High Resolution Echelle Spectrometer,3167,2017-06-20,57924.597866,323.69598389,201.0816430380484,,,,,,validated_spectrum,
data/organized_spectra/TIC318707987/220383386S-hi57925.09867r.fits,TIC318707987,,,HIRES: High Resolution Echelle Spectrometer,3167,2017-06-20,57924.597866,323.69598389,59.7657281833642,,,,,,validated_spectrum,
data/organized_spectra/TIC318707987/220383386S-hi57925.10268b.fits,TIC318707987,,,HIRES: High Resolution Echelle Spectrometer,3167,2017-06-20,57924.602117,290.53479004,30.475535565206975,,,,,,validated_spectrum,
data/organized_spectra/TIC318707987/220383386S-hi57925.10268i.fits,TIC318707987,,,HIRES: High Resolution Echelle Spectrometer,3167,2017-06-20,57924.602117,290.53479004,187.42667595022243,,,,,,validated_spectrum,
data/organized_spectra/TIC318707987/220383386S-hi57925.10268r.fits,TIC318707987,,,HIRES: High Resolution Echelle Spectrometer,3167,2017-06-20,57924.602117,290.53479004,59.03826946756706,,,,,,validated_spectrum,
data/organized_spectra/TIC318707987/220383386S-hi57934.11303b.fits,TIC318707987,,,HIRES: High Resolution Echelle Spectrometer,flat,2017-06-29,57933.611917,231.38360596,29.727384953983155,,,,,,validated_spectrum,
data/organized_spectra/TIC318707987/220383386S-hi57934.11303i.fits,TIC318707987,,,HIRES: High Resolution Echelle Spectrometer,flat,2017-06-29,57933.611917,231.38360596,163.17226999100043,,,,,,validated_spectrum,
data/organized_spectra/TIC318707987/220383386S-hi57934.11303r.fits,TIC318707987,,,HIRES: High Resolution Echelle Spectrometer,flat,2017-06-29,57933.611917,231.38360596,50.98088180137007,,,,,,validated_spectrum,
data/organized_spectra/TIC318707987/220383386S-hi57934.11617b.fits,TIC318707987,,,HIRES: High Resolution Echelle Spectrometer,flat,2017-06-29,57933.615084,231.17759705,29.818818388670337,,,,,,validated_spectrum,
data/organized_spectra/TIC318707987/220383386S-hi57934.11617i.fits,TIC318707987,,,HIRES: High Resolution Echelle Spectrometer,flat,2017-06-29,57933.615084,231.17759705,169.63492154779553,,,,,,validated_spectrum,
data/organized_spectra/TIC318707987/220383386S-hi57934.11617r.fits,TIC318707987,,,HIRES: High Resolution Echelle Spectrometer,flat,2017-06-29,57933.615084,231.17759705,51.02841599832706,,,,,,validated_spectrum,
data/organized_spectra/TIC318707987/220383386S-hi57934.11937b.fits,TIC318707987,,,HIRES: High Resolution Echelle Spectrometer,flat,2017-06-29,57933.618257,233.07879639,29.591493935714897,,,,,,validated_spectrum,
data/organized_spectra/TIC318707987/220383386S-hi57934.11937i.fits,TIC318707987,,,HIRES: High Resolution Echelle Spectrometer,flat,2017-06-29,57933.618257,233.07879639,163.0332698319668,,,,,,validated_spectrum,
data/organized_spectra/TIC318707987/220383386S-hi57934.11937r.fits,TIC318707987,,,HIRES: High Resolution Echelle Spectrometer,flat,2017-06-29,57933.618257,233.07879639,49.94439511031618,,,,,,validated_spectrum,
data/organized_spectra/TIC318707987/220383386S-hi57946.12095b.fits,TIC318707987,,,HIRES: High Resolution Echelle Spectrometer,HD 217811,2017-07-11,57945.618561,250.21839905,30.74754139932287,,,,,,validated_spectrum,
data/organized_spectra/TIC318707987/220383386S-hi57946.12095i.fits,TIC318707987,,,HIRES: High Resolution Echelle Spectrometer,HD 217811,2017-07-11,57945.618561,250.21839905,185.4206408713964,,,,,,validated_spectrum,
data/organized_spectra/TIC318707987/220383386S-hi57946.12095r.fits,TIC318707987,,,HIRES: High Resolution Echelle Spectrometer,HD 217811,2017-07-11,57945.618561,250.21839905,55.97406812605894,,,,,,validated_spectrum,
data/organized_spectra/TIC318707987/220383386S-hi57946.12439b.fits,TIC318707987,,,HIRES: High Resolution Echelle Spectrometer,HD 217811,2017-07-11,57945.621948,252.16841125,30.46136834022755,,,,,,validated_spectrum,
data/organized_spectra/TIC318707987/220383386S-hi57946.12439i.fits,TIC318707987,,,HIRES: High Resolution Echelle Spectrometer,HD 217811,2017-07-11,57945.621948,252.16841125,186.3439051453076,,,,,,validated_spectrum,
data/organized_spectra/TIC318707987/220383386S-hi57946.12439r.fits,TIC318707987,,,HIRES: High Resolution Echelle Spectrometer,HD 217811,2017-07-11,57945.621948,252.16841125,55.86266051520078,,,,,,validated_spectrum,
data/organized_spectra/TIC318707987/220383386S-hi57946.12782b.fits,TIC318707987,,,HIRES: High Resolution Echelle Spectrometer,HD 217811,2017-07-11,57945.62537,267.18759155,30.975022875697775,,,,,,validated_spectrum,
data/organized_spectra/TIC318707987/220383386S-hi57946.12782i.fits,TIC318707987,,,HIRES: High Resolution Echelle Spectrometer,HD 217811,2017-07-11,57945.62537,267.18759155,179.82168005017616,,,,,,validated_spectrum,
data/organized_spectra/TIC318707987/220383386S-hi57946.12782r.fits,TIC318707987,,,HIRES: High Resolution Echelle Spectrometer,HD 217811,2017-07-11,57945.62537,267.18759155,55.80757748438884,,,,,,validated_spectrum,
data/organized_spectra/TIC318707987/220383386S-hi57954.12960b.fits,TIC318707987,,,HIRES: High Resolution Echelle Spectrometer,3167,2017-07-19,57953.626141,322.9119873,30.22009227999346,,,,,,validated_spectrum,
data/organized_spectra/TIC318707987/220383386S-hi57954.12960i.fits,TIC318707987,,,HIRES: High Resolution Echelle Spectrometer,3167,2017-07-19,57953.626141,322.9119873,177.14472859422798,,,,,,validated_spectrum,
data/organized_spectra/TIC318707987/220383386S-hi57954.12960r.fits,TIC318707987,,,HIRES: High Resolution Echelle Spectrometer,3167,2017-07-19,57953.626141,322.9119873,52.509162371051,,,,,,validated_spectrum,
data/organized_spectra/TIC318707987/220383386S-hi57964.10554b.fits,TIC318707987,,,HIRES: High Resolution Echelle Spectrometer,3167,2017-07-29,57963.596862,900.2064209,29.238208937307064,,,,,,validated_spectrum,
data/organized_spectra/TIC318707987/220383386S-hi57964.10554i.fits,TIC318707987,,,HIRES: High Resolution Echelle Spectrometer,3167,2017-07-29,57963.596862,900.2064209,140.80003972624746,,,,,,validated_spectrum,
data/organized_spectra/TIC318707987/220383386S-hi57964.10554r.fits,TIC318707987,,,HIRES: High Resolution Echelle Spectrometer,3167,2017-07-29,57963.596862,900.2064209,55.369743233097346,,,,,,validated_spectrum,
data/organized_spectra/TIC318707987/220383386S-hi57964.11940b.fits,TIC318707987,,,HIRES: High Resolution Echelle Spectrometer,3167,2017-07-29,57963.615366,248.3276062,30.53413592271143,,,,,,validated_spectrum,
data/organized_spectra/TIC318707987/220383386S-hi57964.11940i.fits,TIC318707987,,,HIRES: High Resolution Echelle Spectrometer,3167,2017-07-29,57963.615366,248.3276062,170.1256302550927,,,,,,validated_spectrum,
data/organized_spectra/TIC318707987/220383386S-hi57964.11940r.fits,TIC318707987,,,HIRES: High Resolution Echelle Spectrometer,3167,2017-07-29,57963.615366,248.3276062,53.843646809103575,,,,,,validated_spectrum,
data/organized_spectra/TIC318707987/220383386S-hi57964.12278b.fits,TIC318707987,,,HIRES: High Resolution Echelle Spectrometer,3167,2017-07-29,57963.618744,249.45278931,30.36144327150587,,,,,,validated_spectrum,
data/organized_spectra/TIC318707987/220383386S-hi57964.12278i.fits,TIC318707987,,,HIRES: High Resolution Echelle Spectrometer,3167,2017-07-29,57963.618744,249.45278931,169.36593501356242,,,,,,validated_spectrum,
data/organized_spectra/TIC318707987/220383386S-hi57964.12278r.fits,TIC318707987,,,HIRES: High Resolution Echelle Spectrometer,3167,2017-07-29,57963.618744,249.45278931,54.44121954699685,,,,,,validated_spectrum,
data/organized_spectra/TIC318707987/220383386S-hi57995.06836b.fits,TIC318707987,,,HIRES: High Resolution Echelle Spectrometer,3167,2017-08-29,57994.562019,261.01239014,29.702590473883586,,,,,,validated_spectrum,
data/organized_spectra/TIC318707987/220383386S-hi57995.06836i.fits,TIC318707987,,,HIRES: High Resolution Echelle Spectrometer,3167,2017-08-29,57994.562019,261.01239014,173.1435170328413,,,,,,validated_spectrum,
data/organized_spectra/TIC318707987/220383386S-hi57995.06836r.fits,TIC318707987,,,HIRES: High Resolution Echelle Spectrometer,3167,2017-08-29,57994.562019,261.01239014,50.69948330345626,,,,,,validated_spectrum,
data/organized_spectra/TIC318707987/220383386S-hi58000.03446b.fits,TIC318707987,,,HIRES: High Resolution Echelle Spectrometer,3167,2017-09-03,57999.527067,361.63482666,31.67495978655358,,,,,,validated_spectrum,
data/organized_spectra/TIC318707987/220383386S-hi58000.03446i.fits,TIC318707987,,,HIRES: High Resolution Echelle Spectrometer,3167,2017-09-03,57999.527067,361.63482666,196.7378351368685,,,,,,validated_spectrum,
data/organized_spectra/TIC318707987/220383386S-hi58000.03446r.fits,TIC318707987,,,HIRES: High Resolution Echelle Spectrometer,3167,2017-09-03,57999.527067,361.63482666,61.892982926456554,,,,,,validated_spectrum,
data/organized_spectra/TIC318707987/220383386S-hi58000.03867b.fits,TIC318707987,,,HIRES: High Resolution Echelle Spectrometer,3167,2017-09-03,57999.531769,302.71838379,30.94632174003665,,,,,,validated_spectrum,
data/organized_spectra/TIC318707987/220383386S-hi58000.03867i.fits,TIC318707987,,,HIRES: High Resolution Echelle Spectrometer,3167,2017-09-03,57999.531769,302.71838379,186.22282811701763,,,,,,validated_spectrum,
data/organized_spectra/TIC318707987/220383386S-hi58000.03867r.fits,TIC318707987,,,HIRES: High Resolution Echelle Spectrometer,3167,2017-09-03,57999.531769,302.71838379,60.48873951374288,,,,,,validated_spectrum,
data/organized_spectra/TIC318707987/220383386S-hi58000.04243b.fits,TIC318707987,,,HIRES: High Resolution Echelle Spectrometer,3167,2017-09-03,57999.535777,268.89437866,31.24947321325636,,,,,,validated_spectrum,
data/organized_spectra/TIC318707987/220383386S-hi58000.04243i.fits,TIC318707987,,,HIRES: High Resolution Echelle Spectrometer,3167,2017-09-03,57999.535777,268.89437866,194.5939125152695,,,,,,validated_spectrum,
data/organized_spectra/TIC318707987/220383386S-hi58000.04243r.fits,TIC318707987,,,HIRES: High Resolution Echelle Spectrometer,3167,2017-09-03,57999.535777,268.89437866,60.47800231219186,,,,,,validated_spectrum,
data/organized_spectra/TIC318707987/220383386S-hi58028.99120b.fits,TIC318707987,,,HIRES: High Resolution Echelle Spectrometer,3167,2017-10-02,58028.484126,230.56159973,29.904261095866957,,,,,,validated_spectrum,
data/organized_spectra/TIC318707987/220383386S-hi58028.99120i.fits,TIC318707987,,,HIRES: High Resolution Echelle Spectrometer,3167,2017-10-02,58028.484126,230.56159973,172.5286469976289,,,,,,validated_spectrum,
data/organized_spectra/TIC318707987/220383386S-hi58028.99120r.fits,TIC318707987,,,HIRES: High Resolution Echelle Spectrometer,3167,2017-10-02,58028.484126,230.56159973,52.20182543847537,,,,,,validated_spectrum,
data/organized_spectra/TIC318707987/220383386S-hi58028.99440b.fits,TIC318707987,,,HIRES: High Resolution Echelle Spectrometer,3167,2017-10-02,58028.487297,234.52841187,30.390233429564933,,,,,,validated_spectrum,
data/organized_spectra/TIC318707987/220383386S-hi58028.99440i.fits,TIC318707987,,,HIRES: High Resolution Echelle Spectrometer,3167,2017-10-02,58028.487297,234.52841187,176.5179184830764,,,,,,validated_spectrum,
data/organized_spectra/TIC318707987/220383386S-hi58028.99440r.fits,TIC318707987,,,HIRES: High Resolution Echelle Spectrometer,3167,2017-10-02,58028.487297,234.52841187,53.03186779183319,,,,,,validated_spectrum,
data/organized_spectra/TIC318707987/220383386S-hi58028.99758b.fits,TIC318707987,,,HIRES: High Resolution Echelle Spectrometer,3167,2017-10-02,58028.490516,226.98320007,29.81328543287529,,,,,,validated_spectrum,
data/organized_spectra/TIC318707987/220383386S-hi58028.99758i.fits,TIC318707987,,,HIRES: High Resolution Echelle Spectrometer,3167,2017-10-02,58028.490516,226.98320007,173.119412773964,,,,,,validated_spectrum,
data/organized_spectra/TIC318707987/220383386S-hi58028.99758r.fits,TIC318707987,,,HIRES: High Resolution Echelle Spectrometer,3167,2017-10-02,58028.490516,226.98320007,51.99757311051957,,,,,,validated_spectrum,
data/organized_spectra/TIC318707987/220383386S-hi58116.73478b.fits,TIC318707987,,,HIRES: High Resolution Echelle Spectrometer,3167,2017-12-29,58116.232257,419.28598022,31.410889797178292,,,,,,validated_spectrum,
data/organized_spectra/TIC318707987/220383386S-hi58116.73478i.fits,TIC318707987,,,HIRES: High Resolution Echelle Spectrometer,3167,2017-12-29,58116.232257,419.28598022,201.49418505523383,,,,,,validated_spectrum,
data/organized_spectra/TIC318707987/220383386S-hi58116.73478r.fits,TIC318707987,,,HIRES: High Resolution Echelle Spectrometer,3167,2017-12-29,58116.232257,419.28598022,63.15611721451238,,,,,,validated_spectrum,
data/organized_spectra/TIC318707987/220383386S-hi58116.74061b.fits,TIC318707987,,,HIRES: High Resolution Echelle Spectrometer,3167,2017-12-29,58116.237602,500.14239502,31.410698046857934,,,,,,validated_spectrum,
data/organized_spectra/TIC318707987/220383386S-hi58116.74061i.fits,TIC318707987,,,HIRES: High Resolution Echelle Spectrometer,3167,2017-12-29,58116.237602,500.14239502,201.47965835087484,,,,,,validated_spectrum,
data/organized_spectra/TIC318707987/220383386S-hi58116.74061r.fits,TIC318707987,,,HIRES: High Resolution Echelle Spectrometer,3167,2017-12-29,58116.237602,500.14239502,64.69765727125551,,,,,,validated_spectrum,
data/organized_spectra/TIC318707987/220383386S-hi58116.74703b.fits,TIC318707987,,,HIRES: High Resolution Echelle Spectrometer,3167,2017-12-29,58116.243877,500.11999512,31.27743674749529,,,,,,validated_spectrum,
data/organized_spectra/TIC318707987/220383386S-hi58116.74703i.fits,TIC318707987,,,HIRES: High Resolution Echelle Spectrometer,3167,2017-12-29,58116.243877,500.11999512,200.50510989827657,,,,,,validated_spectrum,
data/organized_spectra/TIC318707987/220383386S-hi58116.74703r.fits,TIC318707987,,,HIRES: High Resolution Echelle Spectrometer,3167,2017-12-29,58116.243877,500.11999512,64.44880071940072,,,,,,validated_spectrum,
data/organized_spectra/TIC318707987/220383386S-hi58476.70866b.fits,TIC318707987,,,HIRES: High Resolution Echelle Spectrometer,3167,2018-12-24,58476.206495,250.12799072,30.202817099852687,,,,,,validated_spectrum,
data/organized_spectra/TIC318707987/220383386S-hi58476.70866i.fits,TIC318707987,,,HIRES: High Resolution Echelle Spectrometer,3167,2018-12-24,58476.206495,250.12799072,187.1079964655066,,,,,,validated_spectrum,
data/organized_spectra/TIC318707987/220383386S-hi58476.70866r.fits,TIC318707987,,,HIRES: High Resolution Echelle Spectrometer,3167,2018-12-24,58476.206495,250.12799072,55.18115000793735,,,,,,validated_spectrum,
data/organized_spectra/TIC318707987/220383386S-hi58476.71203b.fits,TIC318707987,,,HIRES: High Resolution Echelle Spectrometer,3167,2018-12-24,58476.209883,244.21160889,30.038942672509343,,,,,,validated_spectrum,
data/organized_spectra/TIC318707987/220383386S-hi58476.71203i.fits,TIC318707987,,,HIRES: High Resolution Echelle Spectrometer,3167,2018-12-24,58476.209883,244.21160889,189.23182063623656,,,,,,validated_spectrum,
data/organized_spectra/TIC318707987/220383386S-hi58476.71203r.fits,TIC318707987,,,HIRES: High Resolution Echelle Spectrometer,3167,2018-12-24,58476.209883,244.21160889,54.786357304063145,,,,,,validated_spectrum,
data/organized_spectra/TIC318707987/220383386S-hi58476.71544b.fits,TIC318707987,,,HIRES: High Resolution Echelle Spectrometer,3167,2018-12-24,58476.213201,264.74481201,29.976551125615323,,,,,,validated_spectrum,
data/organized_spectra/TIC318707987/220383386S-hi58476.71544i.fits,TIC318707987,,,HIRES: High Resolution Echelle Spectrometer,3167,2018-12-24,58476.213201,264.74481201,185.58590765096432,,,,,,validated_spectrum,
data/organized_spectra/TIC318707987/220383386S-hi58476.71544r.fits,TIC318707987,,,HIRES: High Resolution Echelle Spectrometer,3167,2018-12-24,58476.213201,264.74481201,55.119229936627825,,,,,,validated_spectrum,
data/organized_spectra/TIC318707987/220383386S-hi58733.04794b.fits,TIC318707987,,,HIRES: High Resolution Echelle Spectrometer,3167,2019-09-06,58732.541476,221.45678711,30.432486703976124,,,,,,validated_spectrum,
data/organized_spectra/TIC318707987/220383386S-hi58733.04794i.fits,TIC318707987,,,HIRES: High Resolution Echelle Spectrometer,3167,2019-09-06,58732.541476,221.45678711,182.8315627661903,,,,,,validated_spectrum,
data/organized_spectra/TIC318707987/220383386S-hi58733.04794r.fits,TIC318707987,,,HIRES: High Resolution Echelle Spectrometer,3167,2019-09-06,58732.541476,221.45678711,54.0539244066648,,,,,,validated_spectrum,
data/organized_spectra/TIC318707987/220383386S-hi58733.05125b.fits,TIC318707987,,,HIRES: High Resolution Echelle Spectrometer,3167,2019-09-06,58732.544551,266.7684021,31.46408087357237,,,,,,validated_spectrum,
data/organized_spectra/TIC318707987/220383386S-hi58733.05125i.fits,TIC318707987,,,HIRES: High Resolution Echelle Spectrometer,3167,2019-09-06,58732.544551,266.7684021,189.7797588454732,,,,,,validated_spectrum,
data/organized_spectra/TIC318707987/220383386S-hi58733.05125r.fits,TIC318707987,,,HIRES: High Resolution Echelle Spectrometer,3167,2019-09-06,58732.544551,266.7684021,59.5921122793354,,,,,,validated_spectrum,
data/organized_spectra/TIC318707987/220383386S-hi58733.05468b.fits,TIC318707987,,,HIRES: High Resolution Echelle Spectrometer,3167,2019-09-06,58732.548152,238.71200562,30.43942590591713,,,,,,validated_spectrum,
data/organized_spectra/TIC318707987/220383386S-hi58733.05468i.fits,TIC318707987,,,HIRES: High Resolution Echelle Spectrometer,3167,2019-09-06,58732.548152,238.71200562,185.37814719523283,,,,,,validated_spectrum,
data/organized_spectra/TIC318707987/220383386S-hi58733.05468r.fits,TIC318707987,,,HIRES: High Resolution Echelle Spectrometer,3167,2019-09-06,58732.548152,238.71200562,56.210835997546795,,,,,,validated_spectrum,
data/organized_spectra/TIC327369524/TIC0327369524S-ab20221225.fits,TIC327369524,,,HIRES,T0327369524,2022-12-25T04:41:31,59938.195498,3300.0,19.673310827676797,,,,,,validated_spectrum,
data/organized_spectra/TIC327369524/TIC0327369524S-ab20230113.fits,TIC327369524,,,HIRES,T0327369524,2023-01-13T02:02:13,59957.084873,2400.0,12.571344684145824,,,,,,validated_spectrum,
data/organized_spectra/TIC327369524/TIC0327369524S-ab20230907.fits,TIC327369524,,,HIRES,T0327369524,2023-09-07T10:34:27,60194.44059,680.0,18.108353886521865,,,,,,validated_spectrum,
data/organized_spectra/TIC327369524/TIC0327369524S-ab20230921.fits,TIC327369524,,,HIRES,T0327369524,2023-09-21T04:47:43,60208.199803,600.0,15.2912946090532,,,,,,validated_spectrum,
data/organized_spectra/TIC327369524/TIC0327369524S-ab20230924.fits,TIC327369524,,,HIRES,T0327369524,2023-09-24T04:57:31,60211.206609,510.0,15.486602735961249,,,,,,validated_spectrum,
data/organized_spectra/TIC327369524/TIC0327369524S-ab20230925.fits,TIC327369524,,,HIRES,T0327369524,2023-09-25T06:32:28,60212.272546,680.0,14.866195697751277,,,,,,validated_spectrum,
data/organized_spectra/TIC327369524/TIC0327369524S-ab20230926.fits,TIC327369524,,,HIRES,T0327369524,2023-09-26T09:52:50,60213.41169,1175.0,19.585534177443726,,,,,,validated_spectrum,
data/organized_spectra/TIC327369524/TIC0327369524S-ab20230929.fits,TIC327369524,,,HIRES,T0327369524,2023-09-29T08:09:53,60216.340197,1020.0,20.242897634224494,,,,,,validated_spectrum,
data/organized_spectra/TIC327369524/TIC0327369524S-ab20231001.fits,TIC327369524,,,HIRES,T0327369524,2023-10-01T06:24:20,60218.266898,600.0,14.4445968684828,,,,,,validated_spectrum,
data/organized_spectra/TIC327369524/TIC0327369524S-ab20231002.fits,TIC327369524,,,HIRES,T0327369524,2023-10-02T04:33:11,60219.189711,590.0,16.2918496861142,,,,,,validated_spectrum,
data/organized_spectra/TIC327369524/TIC0327369524S-ab20231003.fits,TIC327369524,,,HIRES,T0327369524,2023-10-03T04:49:30,60220.201042,700.0,16.27879610840432,,,,,,validated_spectrum,
data/organized_spectra/TIC327369524/TIC0327369524S-ab20231004.fits,TIC327369524,,,HIRES,T0327369524,2023-10-04T06:20:31,60221.264248,630.0,17.107597087941187,,,,,,validated_spectrum,
data/organized_spectra/TIC327369524/TIC0327369524S-ab20231008.fits,TIC327369524,,,HIRES,T0327369524,2023-10-08T08:04:00,60225.336111,1500.0,17.599211441752484,,,,,,validated_spectrum,
data/organized_spectra/TIC327369524/TIC0327369524S-ab20231009.fits,TIC327369524,,,HIRES,T0327369524,2023-10-09T05:36:47,60226.233877,600.0,17.561357061926785,,,,,,validated_spectrum,
data/organized_spectra/TIC327369524/TIC0327369524S-ab20231010.fits,TIC327369524,,,HIRES,T0327369524,2023-10-10T08:29:24,60227.35375,680.0,16.154501916288744,,,,,,validated_spectrum,
data/organized_spectra/TIC336691874/TIC0336691874S-ab20220629.fits,TIC336691874,,,HIRES,T0336691874,2022-06-29T10:40:31,59759.444803,2000.0,10.933777957404558,,,,,,validated_spectrum,
data/organized_spectra/TIC336691874/TIC0336691874S-ab20220707.fits,TIC336691874,,,HIRES,T0336691874,2022-07-07T10:22:56,59767.432593,1800.0,15.041196347693036,,,,,,validated_spectrum,
data/organized_spectra/TIC37749396/TIC0037749396S-ab20181221.fits,TIC37749396,,,HIRES,T0037749396,2018-12-21T04:02:11,58473.168183,360.0,31.54462509513197,,,,,,validated_spectrum,
data/organized_spectra/TIC37749396/TIC0037749396S-ab20210805.fits,TIC37749396,,,HIRES,T0037749396,2021-08-05T11:38:50,59431.485301,600.0,24.815661122007267,,,,,,validated_spectrum,
data/organized_spectra/TIC405333767/220487418S-WC57700.69094s.fits,TIC405333767,,,ts23-e2,EPIC 220487418 KP,2016-11-08,,649.143,13.407161124606397,,,,,,validated_spectrum,
data/organized_spectra/TIC405333767/220487418S-ab20160713.fits,TIC405333767,,,HIRES,EP220487418,2016-07-13T10:13:12,57582.425833,1000.0,17.312503348534648,,,,,,validated_spectrum,
data/organized_spectra/TIC405333767/220487418S-hi57615.93658b.fits,TIC405333767,,,HIRES: High Resolution Echelle Spectrometer,EPIC220487418,2016-08-15,57615.432296,101.86240387,22.418047073191648,,,,,,validated_spectrum,
data/organized_spectra/TIC405333767/220487418S-hi57615.93658g.fits,TIC405333767,,,HIRES: High Resolution Echelle Spectrometer,EPIC220487418,2016-08-15,57615.432296,101.86240387,39.65791879599656,,,,,,validated_spectrum,
data/organized_spectra/TIC405333767/220487418S-hi57615.93658i.fits,TIC405333767,,,HIRES: High Resolution Echelle Spectrometer,EPIC220487418,2016-08-15,57615.432296,101.86240387,43.2309897473606,,,,,,validated_spectrum,
data/organized_spectra/TIC405333767/220487418S-hi57615.93658r.fits,TIC405333767,,,HIRES: High Resolution Echelle Spectrometer,EPIC220487418,2016-08-15,57615.432296,101.86240387,39.35734398417859,,,,,,validated_spectrum,
data/organized_spectra/TIC418761354/220481411S-ab20160715.fits,TIC418761354,,,HIRES,EP220481411,2016-07-15T10:42:35,57584.446238,1200.0,17.460980957090968,,,,,,validated_spectrum,
data/organized_spectra/TIC418761354/220481411S-hi57599.04454b.fits,TIC418761354,,,HIRES: High Resolution Echelle Spectrometer,ThAr2,2016-07-29,57598.541281,163.68440247,15.2915747121661,,,,,,validated_spectrum,
data/organized_spectra/TIC418761354/220481411S-hi57599.04454g.fits,TIC418761354,,,HIRES: High Resolution Echelle Spectrometer,ThAr2,2016-07-29,57598.541281,163.68440247,42.38283032110712,,,,,,validated_spectrum,
data/organized_spectra/TIC418761354/220481411S-hi57599.04454i.fits,TIC418761354,,,HIRES: High Resolution Echelle Spectrometer,ThAr2,2016-07-29,57598.541281,163.68440247,52.26824125095073,,,,,,validated_spectrum,
data/organized_spectra/TIC418761354/220481411S-hi57599.04454r.fits,TIC418761354,,,HIRES: High Resolution Echelle Spectrometer,ThAr2,2016-07-29,57598.541281,163.68440247,41.96824126877736,,,,,,validated_spectrum,
data/organized_spectra/TIC418761354/220481411S-hi57788.76507b.fits,TIC418761354,,,HIRES: High Resolution Echelle Spectrometer,EPIC220481411,2017-02-04,57788.256389,2100.14868164,22.38562336426019,,,,,,validated_spectrum,
data/organized_spectra/TIC418761354/220481411S-hi57788.76507i.fits,TIC418761354,,,HIRES: High Resolution Echelle Spectrometer,EPIC220481411,2017-02-04,57788.256389,2100.14868164,111.76802289074632,,,,,,validated_spectrum,
data/organized_spectra/TIC418761354/220481411S-hi57788.76507r.fits,TIC418761354,,,HIRES: High Resolution Echelle Spectrometer,EPIC220481411,2017-02-04,57788.256389,2100.14868164,51.83455251707963,,,,,,validated_spectrum,
data/organized_spectra/TIC418761354/220481411S-hi57789.73491b.fits,TIC418761354,,,HIRES: High Resolution Echelle Spectrometer,EPIC220481411,2017-02-05,57789.22814,1734.05725098,23.887472671993834,,,,,,validated_spectrum,
data/organized_spectra/TIC418761354/220481411S-hi57789.73491i.fits,TIC418761354,,,HIRES: High Resolution Echelle Spectrometer,EPIC220481411,2017-02-05,57789.22814,1734.05725098,121.18617936979288,,,,,,validated_spectrum,
data/organized_spectra/TIC418761354/220481411S-hi57789.73491r.fits,TIC418761354,,,HIRES: High Resolution Echelle Spectrometer,EPIC220481411,2017-02-05,57789.22814,1734.05725098,50.20721898284967,,,,,,validated_spectrum,
data/organized_spectra/TIC418761354/220481411S-hi57933.09405b.fits,TIC418761354,,,HIRES: High Resolution Echelle Spectrometer,flat,2017-06-28,57932.586618,1377.62036133,23.94480635000003,,,,,,validated_spectrum,
data/organized_spectra/TIC418761354/220481411S-hi57933.09405i.fits,TIC418761354,,,HIRES: High Resolution Echelle Spectrometer,flat,2017-06-28,57932.586618,1377.62036133,118.08306959076658,,,,,,validated_spectrum,
data/organized_spectra/TIC418761354/220481411S-hi57933.09405r.fits,TIC418761354,,,HIRES: High Resolution Echelle Spectrometer,flat,2017-06-28,57932.586618,1377.62036133,48.617516819213925,,,,,,validated_spectrum,
data/organized_spectra/TIC418761354/220481411S-hi57935.07381b.fits,TIC418761354,,,HIRES: High Resolution Echelle Spectrometer,flat,2017-06-30,57934.565332,1556.79394531,23.843380601478422,,,,,,validated_spectrum,
data/organized_spectra/TIC418761354/220481411S-hi57935.07381i.fits,TIC418761354,,,HIRES: High Resolution Echelle Spectrometer,flat,2017-06-30,57934.565332,1556.79394531,120.1738941026964,,,,,,validated_spectrum,
data/organized_spectra/TIC418761354/220481411S-hi57935.07381r.fits,TIC418761354,,,HIRES: High Resolution Echelle Spectrometer,flat,2017-06-30,57934.565332,1556.79394531,49.18258133810205,,,,,,validated_spectrum,
data/organized_spectra/TIC418761354/220481411S-hi57945.10735b.fits,TIC418761354,,,HIRES: High Resolution Echelle Spectrometer,LHS 3433,2017-07-10,57944.59625,1800.09716797,23.134242743963256,,,,,,validated_spectrum,
data/organized_spectra/TIC418761354/220481411S-hi57945.10735i.fits,TIC418761354,,,HIRES: High Resolution Echelle Spectrometer,LHS 3433,2017-07-10,57944.59625,1800.09716797,113.7902775138692,,,,,,validated_spectrum,
data/organized_spectra/TIC418761354/220481411S-hi57945.10735r.fits,TIC418761354,,,HIRES: High Resolution Echelle Spectrometer,LHS 3433,2017-07-10,57944.59625,1800.09716797,50.12506841029436,,,,,,validated_spectrum,
data/organized_spectra/TIC418761354/220481411S-hi57946.10393b.fits,TIC418761354,,,HIRES: High Resolution Echelle Spectrometer,HD 217811,2017-07-11,57945.594324,1511.16967773,23.910765939082346,,,,,,validated_spectrum,
data/organized_spectra/TIC418761354/220481411S-hi57946.10393i.fits,TIC418761354,,,HIRES: High Resolution Echelle Spectrometer,HD 217811,2017-07-11,57945.594324,1511.16967773,119.45410365293966,,,,,,validated_spectrum,
data/organized_spectra/TIC418761354/220481411S-hi57946.10393r.fits,TIC418761354,,,HIRES: High Resolution Echelle Spectrometer,HD 217811,2017-07-11,57945.594324,1511.16967773,52.14492310789039,,,,,,validated_spectrum,
data/organized_spectra/TIC418761354/220481411S-hi57965.10444b.fits,TIC418761354,,,HIRES: High Resolution Echelle Spectrometer,EPIC220481411,2017-07-30,57964.591395,1800.15917969,24.14795699084512,,,,,,validated_spectrum,
data/organized_spectra/TIC418761354/220481411S-hi57965.10444i.fits,TIC418761354,,,HIRES: High Resolution Echelle Spectrometer,EPIC220481411,2017-07-30,57964.591395,1800.15917969,118.31933221357554,,,,,,validated_spectrum,
data/organized_spectra/TIC418761354/220481411S-hi57965.10444r.fits,TIC418761354,,,HIRES: High Resolution Echelle Spectrometer,EPIC220481411,2017-07-30,57964.591395,1800.15917969,51.994141116864334,,,,,,validated_spectrum,
data/organized_spectra/TIC418761354/220481411S-hi57970.11526b.fits,TIC418761354,,,HIRES: High Resolution Echelle Spectrometer,dark,2017-08-04,57969.601974,1800.1472168,24.324872802035628,,,,,,validated_spectrum,
data/organized_spectra/TIC418761354/220481411S-hi57970.11526i.fits,TIC418761354,,,HIRES: High Resolution Echelle Spectrometer,dark,2017-08-04,57969.601974,1800.1472168,118.64120495873556,,,,,,validated_spectrum,
data/organized_spectra/TIC418761354/220481411S-hi57970.11526r.fits,TIC418761354,,,HIRES: High Resolution Echelle Spectrometer,dark,2017-08-04,57969.601974,1800.1472168,51.351550636002344,,,,,,validated_spectrum,
data/organized_spectra/TIC418761354/220481411S-hi57971.10079b.fits,TIC418761354,,,HIRES: High Resolution Echelle Spectrometer,dark,2017-08-05,57970.587435,1800.13037109,23.08914058229736,,,,,,validated_spectrum,
data/organized_spectra/TIC418761354/220481411S-hi57971.10079i.fits,TIC418761354,,,HIRES: High Resolution Echelle Spectrometer,dark,2017-08-05,57970.587435,1800.13037109,110.47422953982591,,,,,,validated_spectrum,
data/organized_spectra/TIC418761354/220481411S-hi57971.10079r.fits,TIC418761354,,,HIRES: High Resolution Echelle Spectrometer,dark,2017-08-05,57970.587435,1800.13037109,48.59542955980509,,,,,,validated_spectrum,
data/organized_spectra/TIC418761354/220481411S-hi57972.09952b.fits,TIC418761354,,,HIRES: High Resolution Echelle Spectrometer,dark,2017-08-06,57971.586094,1800.14758301,23.65292176692019,,,,,,validated_spectrum,
data/organized_spectra/TIC418761354/220481411S-hi57972.09952i.fits,TIC418761354,,,HIRES: High Resolution Echelle Spectrometer,dark,2017-08-06,57971.586094,1800.14758301,107.65786743512756,,,,,,validated_spectrum,
data/organized_spectra/TIC418761354/220481411S-hi57972.09952r.fits,TIC418761354,,,HIRES: High Resolution Echelle Spectrometer,dark,2017-08-06,57971.586094,1800.14758301,46.50617692892364,,,,,,validated_spectrum,
data/organized_spectra/TIC418761354/220481411S-hi57974.06222b.fits,TIC418761354,,,HIRES: High Resolution Echelle Spectrometer,ThAr2,2017-08-08,57973.548837,1800.13000488,23.008212311916395,,,,,,validated_spectrum,
data/organized_spectra/TIC418761354/220481411S-hi57974.06222i.fits,TIC418761354,,,HIRES: High Resolution Echelle Spectrometer,ThAr2,2017-08-08,57973.548837,1800.13000488,110.36418515473736,,,,,,validated_spectrum,
data/organized_spectra/TIC418761354/220481411S-hi57974.06222r.fits,TIC418761354,,,HIRES: High Resolution Echelle Spectrometer,ThAr2,2017-08-08,57973.548837,1800.13000488,46.39460575107185,,,,,,validated_spectrum,
data/organized_spectra/TIC418761354/220481411S-hi57984.06126b.fits,TIC418761354,,,HIRES: High Resolution Echelle Spectrometer,Julia,2017-08-18,57983.548673,1520.65478516,23.73765114316953,,,,,,validated_spectrum,
data/organized_spectra/TIC418761354/220481411S-hi57984.06126i.fits,TIC418761354,,,HIRES: High Resolution Echelle Spectrometer,Julia,2017-08-18,57983.548673,1520.65478516,115.27950364137013,,,,,,validated_spectrum,
data/organized_spectra/TIC418761354/220481411S-hi57984.06126r.fits,TIC418761354,,,HIRES: High Resolution Echelle Spectrometer,Julia,2017-08-18,57983.548673,1520.65478516,48.15727996224514,,,,,,validated_spectrum,
data/organized_spectra/TIC418761354/220481411S-hi57985.10828b.fits,Kepler-177,286.0471442,45.0532038,HIRES: High Resolution Echelle Spectrometer,Kepler-177,2017-08-19,57984.595327,1540.87207031,23.854081074492026,,,,,,validated_spectrum,
data/organized_spectra/TIC418761354/220481411S-hi57985.10828i.fits,Kepler-177,286.0471442,45.0532038,HIRES: High Resolution Echelle Spectrometer,Kepler-177,2017-08-19,57984.595327,1540.87207031,114.57692515273388,,,,,,validated_spectrum,
data/organized_spectra/TIC418761354/220481411S-hi57985.10828r.fits,Kepler-177,286.0471442,45.0532038,HIRES: High Resolution Echelle Spectrometer,Kepler-177,2017-08-19,57984.595327,1540.87207031,47.11721665249633,,,,,,validated_spectrum,
data/organized_spectra/TIC418761354/220481411S-hi57989.12853b.fits,TIC418761354,,,HIRES: High Resolution Echelle Spectrometer,EPIC220481411,2017-08-23,57988.615051,1597.02880859,24.54348225443313,,,,,,validated_spectrum,
data/organized_spectra/TIC418761354/220481411S-hi57989.12853i.fits,TIC418761354,,,HIRES: High Resolution Echelle Spectrometer,EPIC220481411,2017-08-23,57988.615051,1597.02880859,119.70936229654336,,,,,,validated_spectrum,
data/organized_spectra/TIC418761354/220481411S-hi57989.12853r.fits,TIC418761354,,,HIRES: High Resolution Echelle Spectrometer,EPIC220481411,2017-08-23,57988.615051,1597.02880859,51.81343887181527,,,,,,validated_spectrum,
data/organized_spectra/TIC418761354/220481411S-hi57994.11135b.fits,TIC418761354,,,HIRES: High Resolution Echelle Spectrometer,EPIC220481411,2017-08-28,57993.598812,1371.38549805,23.571203532634986,,,,,,validated_spectrum,
data/organized_spectra/TIC418761354/220481411S-hi57994.11135i.fits,TIC418761354,,,HIRES: High Resolution Echelle Spectrometer,EPIC220481411,2017-08-28,57993.598812,1371.38549805,113.5486146255328,,,,,,validated_spectrum,
data/organized_spectra/TIC418761354/220481411S-hi57994.11135r.fits,TIC418761354,,,HIRES: High Resolution Echelle Spectrometer,EPIC220481411,2017-08-28,57993.598812,1371.38549805,47.14290116155718,,,,,,validated_spectrum,
data/organized_spectra/TIC418761354/220481411S-hi58001.00236b.fits,TIC418761354,,,HIRES: High Resolution Echelle Spectrometer,EPIC220481411,2017-09-04,58000.487465,1753.14648438,24.494046510774535,,,,,,validated_spectrum,
data/organized_spectra/TIC418761354/220481411S-hi58001.00236i.fits,TIC418761354,,,HIRES: High Resolution Echelle Spectrometer,EPIC220481411,2017-09-04,58000.487465,1753.14648438,122.49018764697315,,,,,,validated_spectrum,
data/organized_spectra/TIC418761354/220481411S-hi58001.00236r.fits,TIC418761354,,,HIRES: High Resolution Echelle Spectrometer,EPIC220481411,2017-09-04,58000.487465,1753.14648438,53.498161693166395,,,,,,validated_spectrum,
data/organized_spectra/TIC418761354/220481411S-hi58018.87635b.fits,TIC418761354,,,HIRES: High Resolution Echelle Spectrometer,EPIC220481411,2017-09-22,58018.361932,1555.02038574,24.57928440761441,,,,,,validated_spectrum,
data/organized_spectra/TIC418761354/220481411S-hi58018.87635i.fits,TIC418761354,,,HIRES: High Resolution Echelle Spectrometer,EPIC220481411,2017-09-22,58018.361932,1555.02038574,117.64214093424692,,,,,,validated_spectrum,
data/organized_spectra/TIC418761354/220481411S-hi58018.87635r.fits,TIC418761354,,,HIRES: High Resolution Echelle Spectrometer,EPIC220481411,2017-09-22,58018.361932,1555.02038574,51.22471490845807,,,,,,validated_spectrum,
data/organized_spectra/TIC418761354/220481411S-hi58019.88513b.fits,TIC418761354,,,HIRES: High Resolution Echelle Spectrometer,dark,2017-09-23,58019.370708,1536.3236084,24.103091288616564,,,,,,validated_spectrum,
data/organized_spectra/TIC418761354/220481411S-hi58019.88513i.fits,TIC418761354,,,HIRES: High Resolution Echelle Spectrometer,dark,2017-09-23,58019.370708,1536.3236084,113.90412789115037,,,,,,validated_spectrum,
data/organized_spectra/TIC418761354/220481411S-hi58019.88513r.fits,TIC418761354,,,HIRES: High Resolution Echelle Spectrometer,dark,2017-09-23,58019.370708,1536.3236084,48.41495713006064,,,,,,validated_spectrum,
data/organized_spectra/TIC418761354/220481411S-hi58020.88695b.fits,TIC418761354,,,HIRES: High Resolution Echelle Spectrometer,flat,2017-09-24,58020.372511,1537.96240234,24.270757602457465,,,,,,validated_spectrum,
data/organized_spectra/TIC418761354/220481411S-hi58020.88695i.fits,TIC418761354,,,HIRES: High Resolution Echelle Spectrometer,flat,2017-09-24,58020.372511,1537.96240234,122.2082231450712,,,,,,validated_spectrum,
data/organized_spectra/TIC418761354/220481411S-hi58020.88695r.fits,TIC418761354,,,HIRES: High Resolution Echelle Spectrometer,flat,2017-09-24,58020.372511,1537.96240234,49.71344708802455,,,,,,validated_spectrum,
data/organized_spectra/TIC418761354/220481411S-hi58024.04065b.fits,TIC418761354,,,HIRES: High Resolution Echelle Spectrometer,EPIC220481411,2017-09-27,58023.526678,1471.02038574,24.49686587526806,,,,,,validated_spectrum,
data/organized_spectra/TIC418761354/220481411S-hi58024.04065i.fits,TIC418761354,,,HIRES: High Resolution Echelle Spectrometer,EPIC220481411,2017-09-27,58023.526678,1471.02038574,123.9561864073144,,,,,,validated_spectrum,
data/organized_spectra/TIC418761354/220481411S-hi58024.04065r.fits,TIC418761354,,,HIRES: High Resolution Echelle Spectrometer,EPIC220481411,2017-09-27,58023.526678,1471.02038574,52.368768441381064,,,,,,validated_spectrum,
data/organized_spectra/TIC418761354/220481411S-hi58028.96282b.fits,TIC418761354,,,HIRES: High Resolution Echelle Spectrometer,EPIC220481411,2017-10-02,58028.449259,1358.12646484,23.094894064946935,,,,,,validated_spectrum,
data/organized_spectra/TIC418761354/220481411S-hi58028.96282i.fits,TIC418761354,,,HIRES: High Resolution Echelle Spectrometer,EPIC220481411,2017-10-02,58028.449259,1358.12646484,114.13783094991643,,,,,,validated_spectrum,
data/organized_spectra/TIC418761354/220481411S-hi58028.96282r.fits,TIC418761354,,,HIRES: High Resolution Echelle Spectrometer,EPIC220481411,2017-10-02,58028.449259,1358.12646484,47.06678926514034,,,,,,validated_spectrum,
data/organized_spectra/TIC418761354/220481411S-hi58029.88914b.fits,TIC418761354,,,HIRES: High Resolution Echelle Spectrometer,EPIC220481411,2017-10-03,58029.375971,1292.35241699,23.37097257170111,,,,,,validated_spectrum,
data/organized_spectra/TIC418761354/220481411S-hi58029.88914i.fits,TIC418761354,,,HIRES: High Resolution Echelle Spectrometer,EPIC220481411,2017-10-03,58029.375971,1292.35241699,112.60602980386132,,,,,,validated_spectrum,
data/organized_spectra/TIC418761354/220481411S-hi58029.88914r.fits,TIC418761354,,,HIRES: High Resolution Echelle Spectrometer,EPIC220481411,2017-10-03,58029.375971,1292.35241699,46.6984343709467,,,,,,validated_spectrum,
data/organized_spectra/TIC418761354/220481411S-hi58091.87131b.fits,TIC418761354,,,HIRES: High Resolution Echelle Spectrometer,EPIC220481411,2017-12-04,58091.35595,2040.57116699,21.508214663954984,,,,,,validated_spectrum,
data/organized_spectra/TIC418761354/220481411S-hi58091.87131i.fits,TIC418761354,,,HIRES: High Resolution Echelle Spectrometer,EPIC220481411,2017-12-04,58091.35595,2040.57116699,107.44265783030754,,,,,,validated_spectrum,
data/organized_spectra/TIC418761354/220481411S-hi58091.87131r.fits,TIC418761354,,,HIRES: High Resolution Echelle Spectrometer,EPIC220481411,2017-12-04,58091.35595,2040.57116699,51.99303635639547,,,,,,validated_spectrum,
data/organized_spectra/TIC418761354/220481411S-hi58096.82954b.fits,TIC418761354,,,HIRES: High Resolution Echelle Spectrometer,EPIC220481411,2017-12-09,58096.318446,1498.0703125,24.325517741582775,,,,,,validated_spectrum,
data/organized_spectra/TIC418761354/220481411S-hi58096.82954i.fits,TIC418761354,,,HIRES: High Resolution Echelle Spectrometer,EPIC220481411,2017-12-09,58096.318446,1498.0703125,117.96201892389196,,,,,,validated_spectrum,
data/organized_spectra/TIC418761354/220481411S-hi58096.82954r.fits,TIC418761354,,,HIRES: High Resolution Echelle Spectrometer,EPIC220481411,2017-12-09,58096.318446,1498.0703125,51.69324895445796,,,,,,validated_spectrum,
data/organized_spectra/TIC418761354/220481411S-hi58099.78180b.fits,TIC418761354,,,HIRES: High Resolution Echelle Spectrometer,EPIC220481411,2017-12-12,58099.270341,1618.22131348,24.379141099984157,,,,,,validated_spectrum,
data/organized_spectra/TIC418761354/220481411S-hi58099.78180i.fits,TIC418761354,,,HIRES: High Resolution Echelle Spectrometer,EPIC220481411,2017-12-12,58099.270341,1618.22131348,119.76294873377968,,,,,,validated_spectrum,
data/organized_spectra/TIC418761354/220481411S-hi58099.78180r.fits,TIC418761354,,,HIRES: High Resolution Echelle Spectrometer,EPIC220481411,2017-12-12,58099.270341,1618.22131348,51.7855083574861,,,,,,validated_spectrum,
data/organized_spectra/TIC418761354/220481411S-hi58111.72268b.fits,TIC418761354,,,HIRES: High Resolution Echelle Spectrometer,EPIC220481411,2017-12-24,58111.212957,1478.57641602,24.459535402127734,,,,,,validated_spectrum,
data/organized_spectra/TIC418761354/220481411S-hi58111.72268i.fits,TIC418761354,,,HIRES: High Resolution Echelle Spectrometer,EPIC220481411,2017-12-24,58111.212957,1478.57641602,120.73413587736964,,,,,,validated_spectrum,
data/organized_spectra/TIC418761354/220481411S-hi58111.72268r.fits,TIC418761354,,,HIRES: High Resolution Echelle Spectrometer,EPIC220481411,2017-12-24,58111.212957,1478.57641602,51.6481147235681,,,,,,validated_spectrum,
data/organized_spectra/TIC418761354/220481411S-hi58117.81702b.fits,TIC418761354,,,HIRES: High Resolution Echelle Spectrometer,EPIC220481411,2017-12-30,58117.30882,1349.33520508,23.6748321182927,,,,,,validated_spectrum,
data/organized_spectra/TIC418761354/220481411S-hi58117.81702i.fits,TIC418761354,,,HIRES: High Resolution Echelle Spectrometer,EPIC220481411,2017-12-30,58117.30882,1349.33520508,114.45457854925785,,,,,,validated_spectrum,
data/organized_spectra/TIC418761354/220481411S-hi58117.81702r.fits,TIC418761354,,,HIRES: High Resolution Echelle Spectrometer,EPIC220481411,2017-12-30,58117.30882,1349.33520508,49.790881833400576,,,,,,validated_spectrum,
data/organized_spectra/TIC418761354/220481411S-hi58118.83250b.fits,TIC418761354,,,HIRES: High Resolution Echelle Spectrometer,EPIC220481411,2017-12-31,58118.322636,1641.48876953,23.604430349257456,,,,,,validated_spectrum,
data/organized_spectra/TIC418761354/220481411S-hi58118.83250i.fits,TIC418761354,,,HIRES: High Resolution Echelle Spectrometer,EPIC220481411,2017-12-31,58118.322636,1641.48876953,119.37938514382613,,,,,,validated_spectrum,
data/organized_spectra/TIC418761354/220481411S-hi58118.83250r.fits,TIC418761354,,,HIRES: High Resolution Echelle Spectrometer,EPIC220481411,2017-12-31,58118.322636,1641.48876953,54.70257986125648,,,,,,validated_spectrum,
data/organized_spectra/TIC418761354/220481411S-hi58124.82679b.fits,TIC418761354,,,HIRES: High Resolution Echelle Spectrometer,EPIC220481411,2018-01-06,58124.316735,1800.09680176,22.70793769498912,,,,,,validated_spectrum,
data/organized_spectra/TIC418761354/220481411S-hi58124.82679i.fits,TIC418761354,,,HIRES: High Resolution Echelle Spectrometer,EPIC220481411,2018-01-06,58124.316735,1800.09680176,100.29194563162476,,,,,,validated_spectrum,
data/organized_spectra/TIC418761354/220481411S-hi58124.82679r.fits,TIC418761354,,,HIRES: High Resolution Echelle Spectrometer,EPIC220481411,2018-01-06,58124.316735,1800.09680176,50.06276498851842,,,,,,validated_spectrum,
data/organized_spectra/TIC418761354/220481411S-hi58125.78733b.fits,TIC418761354,,,HIRES: High Resolution Echelle Spectrometer,EPIC220481411,2018-01-07,58125.278275,1635.00561523,24.34895016287276,,,,,,validated_spectrum,
data/organized_spectra/TIC418761354/220481411S-hi58125.78733i.fits,TIC418761354,,,HIRES: High Resolution Echelle Spectrometer,EPIC220481411,2018-01-07,58125.278275,1635.00561523,118.95464010646404,,,,,,validated_spectrum,
data/organized_spectra/TIC418761354/220481411S-hi58125.78733r.fits,TIC418761354,,,HIRES: High Resolution Echelle Spectrometer,EPIC220481411,2018-01-07,58125.278275,1635.00561523,51.25248307196358,,,,,,validated_spectrum,
data/organized_spectra/TIC418761354/220481411S-hi58149.76067b.fits,TIC418761354,,,HIRES: High Resolution Echelle Spectrometer,EPIC220481411,2018-01-31,58149.253134,1800.14685059,20.794587045001684,,,,,,validated_spectrum,
data/organized_spectra/TIC418761354/220481411S-hi58149.76067i.fits,TIC418761354,,,HIRES: High Resolution Echelle Spectrometer,EPIC220481411,2018-01-31,58149.253134,1800.14685059,109.48941314061608,,,,,,validated_spectrum,
data/organized_spectra/TIC418761354/220481411S-hi58149.76067r.fits,TIC418761354,,,HIRES: High Resolution Echelle Spectrometer,EPIC220481411,2018-01-31,58149.253134,1800.14685059,51.654656730263696,,,,,,validated_spectrum,
data/organized_spectra/TIC419523962/TIC0419523962S-ab20230128.fits,TIC419523962,,,HIRES,T0419523962,2023-01-28T02:17:02,59972.095162,3600.0,16.171239179771838,,,,,,validated_spectrum,
data/organized_spectra/TIC419523962/TIC0419523962S-ab20230707.fits,TIC419523962,,,HIRES,T0419523962,2023-07-07T09:59:45,60132.416493,2940.0,21.099588624842685,,,,,,validated_spectrum,
data/organized_spectra/TIC440113053/TIC0440113053S-ab57296.88246.fits,TIC440113053,,,HIRES,269-003518,2015-10-01T08:35:20,57296.35787,3400.0,13.766629780973176,,,,,,validated_spectrum,
data/organized_spectra/TIC440113053/TIC0440113053S-ab57297.86559.fits,TIC440113053,,,HIRES,269-003518,2015-10-02T08:09:59,57297.340266,3400.0,12.893541308261344,,,,,,validated_spectrum,
data/organized_spectra/TIC440113053/TIC0440113053S-ab57356.60189.fits,TIC440113053,,,HIRES,269-003518,2015-11-30T01:59:07,57356.08272,2700.0,12.499193719906112,,,,,,validated_spectrum,
data/organized_spectra/TIC440113053/TIC0440113053S-ab57390.66755.fits,TIC440113053,,,HIRES,269-003518,2016-01-03T03:36:58,57390.150671,2700.0,12.971689257072269,,,,,,validated_spectrum,
data/organized_spectra/TIC440113053/TIC0440113053S-ab57409.66062.fits,TIC440113053,,,HIRES,269-003518,2016-01-22T03:28:47,57409.144988,2700.0,10.275370027851508,,,,,,validated_spectrum,
data/organized_spectra/TIC440113053/TIC0440113053S-ab57417.61547.fits,TIC440113053,,,HIRES,269-003518,2016-01-30T02:23:43,57417.099803,2850.0,10.350849214414811,,,,,,validated_spectrum,
data/organized_spectra/TIC440113053/TIC0440113053S-ab57734.75109.fits,TIC440113053,,,HIRES,269-003518,2016-12-12T05:30:47,57734.229711,3200.0,13.22432488944473,,,,,,validated_spectrum,
data/organized_spectra/TIC440113053/TIC0440113053S-ab57772.68491.fits,TIC440113053,,,HIRES,269-003518,2017-01-19T04:03:24,57772.169028,2700.0,13.060559596681095,,,,,,validated_spectrum,
